collection_object_id,guid,species,country,state,locality,lat,lon,elevation,life_stage,examined_for,detected,not_detected,presence
33704377,UNCG:Mamm:2279,Blarina brevicauda,United States,North Carolina,"Nantahala National Forest, Coweeta Hydrological Laboratory, 6.3 km ENE Frog Mountain, along FR 751",35.05764596,-83.46309696,1019.25415,adult,ectoparasite; endoparasite,ectoparasite; endoparasite,,1
33704322,UNCG:Mamm:2289,Sorex cinereus,United States,North Carolina,"Nantahala National Forest, Coweeta Hydrological Laboratory, 6.3 km ENE Frog Mountain, along FR 751",35.05776901,-83.46297299,1017.913574,adult,ectoparasite; endoparasite,endoparasite,ectoparasite,1
33675697,UNCG:Mamm:2269,Sorex cinereus,United States,North Carolina,"Nantahala National Forest, Coweeta Hydrological Laboratory, 6.3 km ENE Frog Mountain, along FR 751",35.05771201,-83.46295598,1007.409546,adult,ectoparasite; endoparasite,endoparasite,ectoparasite,1
33704332,UNCG:Mamm:2282,Sorex fumeus,United States,North Carolina,"Nantahala National Forest, Coweeta Hydrological Laboratory, 6.3 km ENE Frog Mountain, along FR 751",35.05777798,-83.46258298,1009.356995,adult,ectoparasite; endoparasite,endoparasite,ectoparasite,1
33675708,UNCG:Mamm:2266,Blarina brevicauda,United States,North Carolina,"Nantahala National Forest, Coweeta Hydrological Laboratory, 6.3 km ENE Frog Mountain, along FR 751",35.05775602,-83.46253797,989.843689,adult,ectoparasite; endoparasite,ectoparasite: flea; endoparasite,,1
33675702,UNCG:Mamm:2271,Blarina brevicauda,United States,North Carolina,"Nantahala National Forest, Coweeta Hydrological Laboratory, 6.3 km ENE Frog Mountain, along FR 751",35.05780597,-83.46248098,992.80249,adult,ectoparasite; endoparasite,ectoparasite: mite; endoparasite,,1
33704317,UNCG:Mamm:2280,Sorex cinereus,United States,North Carolina,"Nantahala National Forest, Coweeta Hydrological Laboratory, 6.3 km ENE Frog Mountain, along FR 751",35.05774302,-83.46233102,1011.827209,adult,ectoparasite; endoparasite,endoparasite,ectoparasite,1
33705272,UNCG:Mamm:2284,Blarina brevicauda,United States,North Carolina,"Nantahala National Forest, Coweeta Hydrological Laboratory, 6.3 km ENE Frog Mountain, along FR 751",35.05804804,-83.46228903,994.895691,adult,ectoparasite; endoparasite,endoparasite,ectoparasite,1
33705277,UNCG:Mamm:2292,Blarina brevicauda,United States,North Carolina,"Nantahala National Forest, Coweeta Hydrological Laboratory, 6.3 km ENE Frog Mountain, along FR 751",35.05804997,-83.462283,994.788879,adult,ectoparasite; endoparasite,ectoparasite; endoparasite,,1
33704327,UNCG:Mamm:2288,Sorex hoyi,United States,North Carolina,"Nantahala National Forest, Coweeta Hydrological Laboratory, 6.3 km ENE Frog Mountain, along FR 751",35.05757698,-83.46224,994.279602,adult,ectoparasite; endoparasite,endoparasite,ectoparasite,1
33704383,UNCG:Mamm:2264,Blarina brevicauda,United States,North Carolina,"Nantahala National Forest, Coweeta Hydrological Laboratory, 2.72 km ESE Albert Mountain, along Ball Creek Road",35.03903897,-83.45303399,639.72644,adult,ectoparasite; endoparasite,ectoparasite; endoparasite,,1
,,,,,,,,,,,,,
33466401,UNCG:Mamm:1529,Peromyscus maniculatus,United States,North Carolina,"Nantahala National Forest, Coweeta Hydrological Laboratory, 2.72 km ESE Albert Mountain, along Ball Creek Road",35.03891802,-83.45256401,991.566223,adult,ectoparasite,ectoparasite,endoparasite,1
33466369,UNCG:Mamm:1525,Peromyscus maniculatus,United States,North Carolina,"Nantahala National Forest, Coweeta Hydrological Laboratory, 2.72 km ESE Albert Mountain, along Ball Creek Road",35.03893998,-83.45252696,990.880676,subadult,ectoparasite,ectoparasite,endoparasite,1
33466450,UNCG:Mamm:1577,Peromyscus,United States,North Carolina,"Nantahala National Forest, Coweeta Hydrological Laboratory, 2.72 km ESE Albert Mountain, along Ball Creek Road",35.03898097,-83.45251297,978.281982,juvenile,ectoparasite,ectoparasite,endoparasite,1
33466595,UNCG:Mamm:1556,Blarina brevicauda,United States,North Carolina,"Nantahala National Forest, Coweeta Hydrological Laboratory, 2.72 km ESE Albert Mountain, along Ball Creek Road",35.038396,-83.45248598,1004.350708,adult,ectoparasite; endoparasite,ectoparasite; endoparasite,,1
,,,,,,,,,,,,,
33704172,UNCG:Mamm:2251,Peromyscus maniculatus,United States,North Carolina,"Nantahala National Forest, Coweeta Hydrological Laboratory, 2.57 km ENE Albert Mountain, along FR 751",35.03871401,-83.45247097,793.193176,adult,ectoparasite,,ectoparasite; endoparasite,1
33610913,UNCG:Mamm:2176,Peromyscus maniculatus,United States,North Carolina,"Nantahala National Forest, Coweeta Hydrological Laboratory, 2.72 km ESE Albert Mountain, along Ball Creek Road",35.038871,-83.452462,992.860596,adult,ectoparasite,ectoparasite,endoparasite,1
33466648,UNCG:Mamm:1544,Sorex fumeus,United States,North Carolina,"Nantahala National Forest, Coweeta Hydrological Laboratory, 2.72 km ESE Albert Mountain, along Ball Creek Road",35.03830296,-83.45245698,1009.423706,adult,ectoparasite; endoparasite,ectoparasite; endoparasite,,1
,,,,,,,,,,,,,
,,,,,,,,,,,,,
33610908,UNCG:Mamm:2138,Sorex fumeus,United States,North Carolina,"Nantahala National Forest, Coweeta Hydrological Laboratory, 2.72 km ESE Albert Mountain, along Ball Creek Road",35.03854704,-83.45245002,975.883911,adult,ectoparasite; endoparasite,ectoparasite; endoparasite,,1
33611127,UNCG:Mamm:3489,Peromyscus leucopus,United States,North Carolina,"Nantahala National Forest, Coweeta Hydrological Laboratory, 2.72 km ESE Albert Mountain, along Ball Creek Road",35.03906404,-83.45240098,1006.421448,adult,,,ectoparasite; endoparasite,1
33466579,UNCG:Mamm:1596,Napeozapus insignis,United States,North Carolina,"Nantahala National Forest, Coweeta Hydrological Laboratory, 2.72 km ESE Albert Mountain, along Ball Creek Road",35.03856397,-83.45239897,984.477783,adult,,,ectoparasite; endoparasite,1
33611412,UNCG:Mamm:3474,Peromyscus leucopus,United States,North Carolina,"Nantahala National Forest, Coweeta Hydrological Laboratory, 2.72 km ESE Albert Mountain, along Ball Creek Road",35.03890998,-83.45238296,972.245178,subadult,,,ectoparasite; endoparasite,1
33466422,UNCG:Mamm:1546,Peromyscus maniculatus,United States,North Carolina,"Nantahala National Forest, Coweeta Hydrological Laboratory, 2.72 km ESE Albert Mountain, along Ball Creek Road",35.038799,-83.45236704,971.723755,adult,ectoparasite,ectoparasite,endoparasite,1
33466876,UNCG:Mamm:1592,Napeozapus insignis,United States,North Carolina,"Nantahala National Forest, Coweeta Hydrological Laboratory, 2.72 km ESE Albert Mountain, along Ball Creek Road",35.03831101,-83.45236201,986.342834,adult,,,ectoparasite; endoparasite,1
33610946,UNCG:Mamm:2133,Peromyscus maniculatus,United States,North Carolina,"Nantahala National Forest, Coweeta Hydrological Laboratory, 2.72 km ESE Albert Mountain, along Ball Creek Road",35.03900503,-83.45234902,974.14624,adult,ectoparasite,,ectoparasite; endoparasite,1
33466584,UNCG:Mamm:1527,Blarina brevicauda,United States,North Carolina,"Nantahala National Forest, Coweeta Hydrological Laboratory, 2.72 km ESE Albert Mountain, along Ball Creek Road",35.03827698,-83.45233301,991.040344,adult,ectoparasite; endoparasite,ectoparasite; endoparasite,,1
33704389,UNCG:Mamm:2240,Sorex cinereus,United States,North Carolina,"Nantahala National Forest, Coweeta Hydrological Laboratory, 2.72 km ESE Albert Mountain, along Ball Creek Road",35.03913503,-83.45231599,984.256287,adult,ectoparasite; endoparasite,endoparasite,ectoparasite,1
33611109,UNCG:Mamm:3476,Peromyscus leucopus,United States,North Carolina,"Nantahala National Forest, Coweeta Hydrological Laboratory, 2.72 km ESE Albert Mountain, along Ball Creek Road",35.03909396,-83.45231398,967.129822,adult,,,ectoparasite; endoparasite,1
,,,,,,,,,,,,,
33466387,UNCG:Mamm:1526,Peromyscus maniculatus,United States,North Carolina,"Nantahala National Forest, Coweeta Hydrological Laboratory, 2.72 km ESE Albert Mountain, along Ball Creek Road",35.038827,-83.45229596,985.484741,adult,ectoparasite,ectoparasite,endoparasite,1
33466974,UNCG:Mamm:1590,Blarina brevicauda,United States,North Carolina,"Nantahala National Forest, Coweeta Hydrological Laboratory, 2.72 km ESE Albert Mountain, along Ball Creek Road",35.03924198,-83.45229596,972.724243,adult,,,ectoparasite; endoparasite,1
33465970,UNCG:Mamm:3297,Sorex cinereus,United States,North Carolina,"Nantahala National Forest, Coweeta Hydrological Laboratory, 2.72 km ESE Albert Mountain, along Ball Creek Road",35.03840002,-83.45229403,991.448669,adult,,,ectoparasite; endoparasite,1
33467156,UNCG:Mamm:1657,Sorex fumeus,United States,North Carolina,"Nantahala National Forest, Coweeta Hydrological Laboratory, 2.72 km ESE Albert Mountain, along Ball Creek Road",35.03827698,-83.45228498,992.005798,adult,ectoparasite; endoparasite,ectoparasite; endoparasite,,1
33466857,UNCG:Mamm:1595,Napeozapus insignis,United States,North Carolina,"Nantahala National Forest, Coweeta Hydrological Laboratory, 2.72 km ESE Albert Mountain, along Ball Creek Road",35.03839499,-83.45228297,985.368958,adult,,,ectoparasite; endoparasite,1
33611129,UNCG:Mamm:3491,Peromyscus maniculatus,United States,North Carolina,"Nantahala National Forest, Coweeta Hydrological Laboratory, 2.72 km ESE Albert Mountain, along Ball Creek Road",35.03902799,-83.45224902,998.217834,adult,,,ectoparasite; endoparasite,1
33611246,UNCG:Mamm:2149,Sorex fumeus,United States,North Carolina,"Nantahala National Forest, Coweeta Hydrological Laboratory, 2.72 km ESE Albert Mountain, along Ball Creek Road",35.03907502,-83.45224701,977.197876,adult,ectoparasite; endoparasite,endoparasite,ectoparasite,1
33704262,UNCG:Mamm:2243,Blarina brevicauda,United States,North Carolina,"Nantahala National Forest, Coweeta Hydrological Laboratory, 2.72 km ESE Albert Mountain, along Ball Creek Road",35.039116,-83.452245,975.192261,adult,ectoparasite; endoparasite,ectoparasite; endoparasite,,1
33704364,UNCG:Mamm:3507,Peromyscus maniculatus,United States,North Carolina,"Nantahala National Forest, Coweeta Hydrological Laboratory, 2.72 km ESE Albert Mountain, along Ball Creek Road",35.03892104,-83.452245,972.749573,subadult,,,ectoparasite; endoparasite,1
33466471,UNCG:Mamm:1578,Peromyscus maniculatus,United States,North Carolina,"Nantahala National Forest, Coweeta Hydrological Laboratory, 2.72 km ESE Albert Mountain, along Ball Creek Road",35.03850899,-83.45224399,975.57605,subadult,ectoparasite,ectoparasite,endoparasite,1
,,,,,,,,,,,,,
33466638,UNCG:Mamm:1632,Blarina brevicauda,United States,North Carolina,"Nantahala National Forest, Coweeta Hydrological Laboratory, 2.72 km ESE Albert Mountain, along Ball Creek Road",35.03850899,-83.45224399,975.57605,adult,ectoparasite; endoparasite,ectoparasite; endoparasite,,1
,,,,,,,,,,,,,
33466852,UNCG:Mamm:1594,Napeozapus insignis,United States,North Carolina,"Nantahala National Forest, Coweeta Hydrological Laboratory, 2.72 km ESE Albert Mountain, along Ball Creek Road",35.03850899,-83.45224399,975.57605,adult,,,ectoparasite; endoparasite,1
,,,,,,,,,,,,,
,,,,,,,,,,,,,
,,,,,,,,,,,,,
33704277,UNCG:Mamm:2290,Sorex cinereus,United States,North Carolina,"Nantahala National Forest, Coweeta Hydrological Laboratory, 2.72 km ESE Albert Mountain, along Ball Creek Road",35.03850899,-83.45224399,975.57605,adult,ectoparasite; endoparasite,ectoparasite; endoparasite,,1
33704354,UNCG:Mamm:3497,Peromyscus leucopus,United States,North Carolina,"Nantahala National Forest, Coweeta Hydrological Laboratory, 2.72 km ESE Albert Mountain, along Ball Creek Road",35.03850899,-83.45224399,975.57605,adult,,,ectoparasite; endoparasite,1
,,,,,,,,,,,,,
,,,,,,,,,,,,,
,,,,,,,,,,,,,
33611102,UNCG:Mamm:3471,Peromyscus leucopus,United States,North Carolina,"Nantahala National Forest, Coweeta Hydrological Laboratory, 2.72 km ESE Albert Mountain, along Ball Creek Road",35.038655,-83.45224097,988.325623,adult,,,ectoparasite; endoparasite,1
,,,,,,,,,,,,,
33466408,UNCG:Mamm:1538,Peromyscus maniculatus,United States,North Carolina,"Nantahala National Forest, Coweeta Hydrological Laboratory, 2.72 km ESE Albert Mountain, along Ball Creek Road",35.03898198,-83.45221298,997.253113,adult,ectoparasite,ectoparasite,endoparasite,1
33466561,UNCG:Mamm:3269,Peromyscus maniculatus,United States,North Carolina,"Nantahala National Forest, Coweeta Hydrological Laboratory, 2.72 km ESE Albert Mountain, along Ball Creek Road",35.03880998,-83.45221097,941.992615,subadult,,,ectoparasite; endoparasite,1
33611169,UNCG:Mamm:2177,Peromyscus maniculatus,United States,North Carolina,"Nantahala National Forest, Coweeta Hydrological Laboratory, 2.72 km ESE Albert Mountain, along Ball Creek Road",35.03891098,-83.45219504,989.925354,adult,ectoparasite,ectoparasite,endoparasite,1
33466669,UNCG:Mamm:1584,Sorex fumeus,United States,North Carolina,"Nantahala National Forest, Coweeta Hydrological Laboratory, 2.72 km ESE Albert Mountain, along Ball Creek Road",35.03834504,-83.45219303,977.23584,adult,ectoparasite; endoparasite,ectoparasite; endoparasite,,1
33465948,UNCG:Mamm:1547,Blarina brevicauda,United States,North Carolina,"Nantahala National Forest, Coweeta Hydrological Laboratory, 2.72 km ESE Albert Mountain, along Ball Creek Road",35.03903504,-83.45218599,781.545776,adult,ectoparasite; endoparasite,ectoparasite; endoparasite,,1
,,,,,,,,,,,,,
,,,,,,,,,,,,,
33466238,UNCG:Mamm:1562,Sorex fumeus,United States,North Carolina,"Nantahala National Forest, Coweeta Hydrological Laboratory, 2.72 km ESE Albert Mountain, along Ball Creek Road",35.03837798,-83.45218197,857.575439,adult,ectoparasite; endoparasite,ectoparasite; endoparasite,,1
33466251,UNCG:Mamm:1561,Blarina brevicauda,United States,North Carolina,"Nantahala National Forest, Coweeta Hydrological Laboratory, 2.72 km ESE Albert Mountain, along Ball Creek Road",35.03837798,-83.45218197,857.575439,adult,ectoparasite; endoparasite,ectoparasite; endoparasite,,1
33466394,UNCG:Mamm:1532,Peromyscus maniculatus,United States,North Carolina,"Nantahala National Forest, Coweeta Hydrological Laboratory, 2.72 km ESE Albert Mountain, along Ball Creek Road",35.03897502,-83.45216797,983.037048,adult,ectoparasite,ectoparasite,endoparasite,1
33466673,UNCG:Mamm:1583,Sorex fumeus,United States,North Carolina,"Nantahala National Forest, Coweeta Hydrological Laboratory, 2.72 km ESE Albert Mountain, along Ball Creek Road",35.03834202,-83.45215799,977.121582,adult,ectoparasite; endoparasite,ectoparasite; endoparasite,,1
33610921,UNCG:Mamm:2178,Peromyscus maniculatus,United States,North Carolina,"Nantahala National Forest, Coweeta Hydrological Laboratory, 2.72 km ESE Albert Mountain, along Ball Creek Road",35.03896899,-83.45215498,987.836243,adult,ectoparasite,,ectoparasite; endoparasite,1
,,,,,,,,,,,,,
,,,,,,,,,,,,,
,,,,,,,,,,,,,
33466691,UNCG:Mamm:1550,Sorex fumeus,United States,North Carolina,"Nantahala National Forest, Coweeta Hydrological Laboratory, 2.72 km ESE Albert Mountain, along Ball Creek Road",35.03891802,-83.45212899,692.200012,adult,ectoparasite; endoparasite,ectoparasite; endoparasite,,1
33611241,UNCG:Mamm:2150,Sorex fumeus,United States,North Carolina,"Nantahala National Forest, Coweeta Hydrological Laboratory, 2.72 km ESE Albert Mountain, along Ball Creek Road",35.03916504,-83.45212304,973.655762,adult,ectoparasite; endoparasite,endoparasite,ectoparasite,1
33611414,UNCG:Mamm:3477,Peromyscus leucopus,United States,North Carolina,"Nantahala National Forest, Coweeta Hydrological Laboratory, 2.72 km ESE Albert Mountain, along Ball Creek Road",35.03924098,-83.452116,960.870972,adult,,,ectoparasite; endoparasite,1
33466991,UNCG:Mamm:1586,Blarina brevicauda,United States,North Carolina,"Nantahala National Forest, Coweeta Hydrological Laboratory, 2.72 km ESE Albert Mountain, along Ball Creek Road",35.03860999,-83.45209798,983.143066,adult,ectoparasite; endoparasite,ectoparasite; endoparasite,,1
,,,,,,,,,,,,,
33611378,UNCG:Mamm:2126,Sorex fumeus,United States,North Carolina,"Nantahala National Forest, Coweeta Hydrological Laboratory, 2.72 km ESE Albert Mountain, along Ball Creek Road",35.03910896,-83.45209496,976.065674,adult,ectoparasite; endoparasite,endoparasite,ectoparasite,1
,,,,,,,,,,,,,
,,,,,,,,,,,,,
33704101,UNCG:Mamm:2223,Blarina brevicauda,United States,North Carolina,"Nantahala National Forest, Coweeta Hydrological Laboratory, 2.72 km ESE Albert Mountain, along Ball Creek Road",35.03867797,-83.45209303,996.017822,adult,ectoparasite; endoparasite,ectoparasite; endoparasite,,1
33610902,UNCG:Mamm:2202,Blarina brevicauda,United States,North Carolina,"Nantahala National Forest, Coweeta Hydrological Laboratory, 2.72 km ESE Albert Mountain, along Ball Creek Road",35.03906404,-83.45206596,991.568665,adult,ectoparasite; endoparasite,endoparasite,ectoparasite,1
33704267,UNCG:Mamm:2244,Blarina brevicauda,United States,North Carolina,"Nantahala National Forest, Coweeta Hydrological Laboratory, 2.72 km ESE Albert Mountain, along Ball Creek Road",35.03878299,-83.45204802,983.486145,adult,ectoparasite; endoparasite,ectoparasite; endoparasite,,1
33704143,UNCG:Mamm:2235,Peromyscus maniculatus,United States,North Carolina,"Nantahala National Forest, Coweeta Hydrological Laboratory, 2.72 km ESE Albert Mountain, along Ball Creek Road",35.03888399,-83.45204702,972.225586,adult,ectoparasite,ectoparasite,endoparasite,1
33611410,UNCG:Mamm:3473,Napaeozapus insignis,United States,North Carolina,"Nantahala National Forest, Coweeta Hydrological Laboratory, 2.72 km ESE Albert Mountain, along Ball Creek Road",35.038899,-83.45204098,968.255127,adult,,,ectoparasite; endoparasite,1
33610990,UNCG:Mamm:2124,Blarina brevicauda,United States,North Carolina,"Nantahala National Forest, Coweeta Hydrological Laboratory, 2.72 km 980.764526ESE Albert Mountain, along Ball Creek Road",35.03913101,-83.45203796,980.764526,adult,ectoparasite; endoparasite,endoparasite,ectoparasite,1
,,,,,,,,,,,,,
33466489,UNCG:Mamm:1619,Peromyscus maniculatus,United States,North Carolina,"Nantahala National Forest, Coweeta Hydrological Laboratory, 2.72 km ESE Albert Mountain, along Ball Creek Road",35.03879397,-83.45203402,974.942444,subadult,,,ectoparasite; endoparasite,1
33610979,UNCG:Mamm:2156,Blarina brevicauda,United States,North Carolina,"Nantahala National Forest, Coweeta Hydrological Laboratory, 2.72 km ESE Albert Mountain, along Ball Creek Road",35.03907803,-83.45202397,971.193909,adult,ectoparasite; endoparasite,endoparasite,ectoparasite,1
33704452,UNCG:Mamm:2239,Sorex cinereus,United States,North Carolina,"Nantahala National Forest, Coweeta Hydrological Laboratory, 2.72 km ESE Albert Mountain, along Ball Creek Road",35.03849901,-83.45202204,951.765808,subadult,ectoparasite; endoparasite,ectoparasite; endoparasite,,1
33704410,UNCG:Mamm:2221,Sorex cinereus,United States,North Carolina,"Nantahala National Forest, Coweeta Hydrological Laboratory, 2.72 km ESE Albert Mountain, along Ball Creek Road",35.03859499,-83.45202103,978.647034,subadult,ectoparasite; endoparasite,endoparasite,ectoparasite,1
33466708,UNCG:Mamm:1670,Blarina brevicauda,United States,North Carolina,"Nantahala National Forest, Coweeta Hydrological Laboratory, 2.72 km ESE Albert Mountain, along Ball Creek Road",35.03922799,-83.45201902,948.976501,adult,ectoparasite; endoparasite,endoparasite,ectoparasite,1
33704272,UNCG:Mamm:2268,Blarina brevicauda,United States,North Carolina,"Nantahala National Forest, Coweeta Hydrological Laboratory, 2.72 km ESE Albert Mountain, along Ball Creek Road",35.03859197,-83.452016,996.210144,adult,ectoparasite; endoparasite,ectoparasite; endoparasite,,1
33467167,UNCG:Mamm:1671,Blarina brevicauda,United States,North Carolina,"Nantahala National Forest, Coweeta Hydrological Laboratory, 2.72 km ESE Albert Mountain, along Ball Creek Road",35.03921399,-83.45199496,948.949097,adult,ectoparasite; endoparasite,ectoparasite; endoparasite,,1
,,,,,,,,,,,,,
33466255,UNCG:Mamm:1658,Sorex fumeus,United States,North Carolina,"Nantahala National Forest, Coweeta Hydrological Laboratory, 2.72 km ESE Albert Mountain, along Ball Creek Road",35.03867403,-83.45199304,961.10199,adult,ectoparasite; endoparasite,ectoparasite; endoparasite,,1
33611366,UNCG:Mamm:2136,Sorex fumeus,United States,North Carolina,"Nantahala National Forest, Coweeta Hydrological Laboratory, 2.72 km ESE Albert Mountain, along Ball Creek Road",35.03868501,-83.45198298,967.390991,adult,ectoparasite; endoparasite,ectoparasite; endoparasite,,1
33611287,UNCG:Mamm:2147,Napaeozapus insignis,United States,North Carolina,"Nantahala National Forest, Coweeta Hydrological Laboratory, 2.72 km ESE Albert Mountain, along Ball Creek Road",35.03872499,-83.45197602,982.612427,adult,ectoparasite,,ectoparasite; endoparasite,1
33610974,UNCG:Mamm:2211,Blarina brevicauda,United States,North Carolina,"Nantahala National Forest, Coweeta Hydrological Laboratory, 2.72 km ESE Albert Mountain, along Ball Creek Road",35.039115,-83.45196898,982.484314,adult,ectoparasite; endoparasite,endoparasite,ectoparasite,1
33611236,UNCG:Mamm:2210,Sorex fumeus,United States,North Carolina,"Nantahala National Forest, Coweeta Hydrological Laboratory, 2.72 km ESE Albert Mountain, along Ball Creek Road",35.039115,-83.45196898,982.484314,adult,ectoparasite; endoparasite,endoparasite,ectoparasite,1
33611408,UNCG:Mamm:3468,Peromyscus leucopus,United States,North Carolina,"Nantahala National Forest, Coweeta Hydrological Laboratory, 2.72 km ESE Albert Mountain, along Ball Creek Road",35.03929999,-83.45196504,965.314148,adult,,,ectoparasite; endoparasite,1
33466625,UNCG:Mamm:1524,Sorex fumeus,United States,North Carolina,"Nantahala National Forest, Coweeta Hydrological Laboratory, 2.72 km ESE Albert Mountain, along Ball Creek Road",35.03826197,-83.45196404,1000.490662,adult,ectoparasite; endoparasite,ectoparasite; endoparasite,,1
33611116,UNCG:Mamm:3478,Peromyscus leucopus,United States,North Carolina,"Nantahala National Forest, Coweeta Hydrological Laboratory, 2.72 km ESE Albert Mountain, along Ball Creek Road",35.03932597,-83.45196404,957.887939,adult,,,ectoparasite; endoparasite,1
33466787,UNCG:Mamm:1637,Blarina brevicauda,United States,North Carolina,"Nantahala National Forest, Coweeta Hydrological Laboratory, 2.72 km ESE Albert Mountain, along Ball Creek Road",35.03899296,-83.45194199,959.888489,adult,ectoparasite; endoparasite,ectoparasite; endoparasite,,1
33611082,UNCG:Mamm:2137,Sorex fumeus,United States,North Carolina,"Nantahala National Forest, Coweeta Hydrological Laboratory, 2.72 km ESE Albert Mountain, along Ball Creek Road",35.03864704,-83.45193897,965.819946,adult,ectoparasite; endoparasite,endoparasite,ectoparasite,1
33466496,UNCG:Mamm:1610,Peromyscus maniculatus,United States,North Carolina,"Nantahala National Forest, Coweeta Hydrological Laboratory, 2.72 km ESE Albert Mountain, along Ball Creek Road",35.03877201,-83.45193202,974.654846,juvenile,ectoparasite,ectoparasite,endoparasite,1
33466652,UNCG:Mamm:1545,Sorex fumeus,United States,North Carolina,"Nantahala National Forest, Coweeta Hydrological Laboratory, 2.72 km ESE Albert Mountain, along Ball Creek Road",35.03893898,-83.45192799,990.12793,adult,ectoparasite; endoparasite,ectoparasite; endoparasite,,1
,,,,,,,,,,,,,
33466634,UNCG:Mamm:1534,Sorex fumeus,United States,North Carolina,"Nantahala National Forest, Coweeta Hydrological Laboratory, 2.72 km ESE Albert Mountain, along Ball Creek Road",35.03864796,-83.45192196,980.613831,adult,ectoparasite; endoparasite,ectoparasite; endoparasite,,1
33466719,UNCG:Mamm:1651,Blarina brevicauda,United States,North Carolina,"Nantahala National Forest, Coweeta Hydrological Laboratory, 2.72 km ESE Albert Mountain, along Ball Creek Road",35.03903504,-83.45192196,961.773621,adult,ectoparasite; endoparasite,ectoparasite; endoparasite,,1
33466845,UNCG:Mamm:1593,Napeozapus insignis,United States,North Carolina,"Nantahala National Forest, Coweeta Hydrological Laboratory, 2.72 km ESE Albert Mountain, along Ball Creek Road",35.03869498,-83.45192003,992.857666,adult,,,ectoparasite; endoparasite,1
33611251,UNCG:Mamm:2157,Napaeozapus insignis,United States,North Carolina,"Nantahala National Forest, Coweeta Hydrological Laboratory, 2.72 km ESE Albert Mountain, along Ball Creek Road",35.03859599,-83.45191701,986.28772,adult,ectoparasite,,ectoparasite; endoparasite,1
33465997,UNCG:Mamm:1635,Sorex fumeus,United States,North Carolina,"Nantahala National Forest, Coweeta Hydrological Laboratory, 3.84 km SE Albert Mountain, along FR 421-2",35.03875097,-83.451915,979.228271,adult,ectoparasite; endoparasite,ectoparasite; endoparasite,,1
33466517,UNCG:Mamm:1615,Peromyscus maniculatus,United States,North Carolina,"Nantahala National Forest, Coweeta Hydrological Laboratory, 2.72 km ESE Albert Mountain, along Ball Creek Road",35.03947701,-83.45190897,1021.021179,juvenile,ectoparasite,ectoparasite,endoparasite,1
33466503,UNCG:Mamm:1621,Peromyscus maniculatus,United States,North Carolina,"Nantahala National Forest, Coweeta Hydrological Laboratory, 2.72 km ESE Albert Mountain, along Ball Creek Road",35.03867604,-83.45190201,981.302734,juvenile,ectoparasite,ectoparasite,endoparasite,1
33466366,UNCG:Mamm:1617,Peromyscus,United States,North Carolina,"Nantahala National Forest, Coweeta Hydrological Laboratory, 2.72 km ESE Albert Mountain, along Ball Creek Road",35.03842399,-83.45189396,984.227051,juvenile,ectoparasite,ectoparasite,endoparasite,1
33466630,UNCG:Mamm:1536,Sorex fumeus,United States,North Carolina,"Nantahala National Forest, Coweeta Hydrological Laboratory, 2.72 km ESE Albert Mountain, along Ball Creek Road",35.03876497,-83.45187603,969.756409,adult,ectoparasite; endoparasite,ectoparasite; endoparasite,,1
33466656,UNCG:Mamm:1549,Sorex fumeus,United States,North Carolina,"Nantahala National Forest, Coweeta Hydrological Laboratory, 2.72 km ESE Albert Mountain, along Ball Creek Road",35.03845702,-83.45186496,988.826965,adult,ectoparasite; endoparasite,ectoparasite; endoparasite,,1
33466510,UNCG:Mamm:1614,Peromyscus maniculatus,United States,North Carolina,"Nantahala National Forest, Coweeta Hydrological Laboratory, 2.72 km ESE Albert Mountain, along Ball Creek Road",35.03827396,-83.45186404,975.664124,juvenile,ectoparasite,ectoparasite,endoparasite,1
33465844,UNCG:Mamm:1663,Sorex fumeus,United States,North Carolina,"Nantahala National Forest, Coweeta Hydrological Laboratory, 2.72 km ESE Albert Mountain, along Ball Creek Road",35.03876698,-83.45185298,944.260254,adult,ectoparasite; endoparasite,endoparasite,ectoparasite,1
33704122,UNCG:Mamm:2233,Peromyscus maniculatus,United States,North Carolina,"Nantahala National Forest, Coweeta Hydrological Laboratory, 2.72 km ESE Albert Mountain, along Ball Creek Road",35.03880302,-83.45182003,985.321533,subadult,ectoparasite,,ectoparasite; endoparasite,1
33466574,UNCG:Mamm:1591,Napeozapus insignis,United States,North Carolina,"Nantahala National Forest, Coweeta Hydrological Laboratory, 2.72 km ESE Albert Mountain, along Ball Creek Road",35.03849398,-83.45181601,987.041992,adult,,,ectoparasite; endoparasite,1
,,,,,,,,,,,,,
33466705,UNCG:Mamm:1624,Peromyscus maniculatus,United States,North Carolina,"Nantahala National Forest, Coweeta Hydrological Laboratory, 3.84 km SE Albert Mountain, along FR 421-2",35.03849398,-83.45181601,987.041992,juvenile,ectoparasite,ectoparasite,endoparasite,1
33611295,UNCG:Mamm:2132,Peromyscus maniculatus,United States,North Carolina,"Nantahala National Forest, Coweeta Hydrological Laboratory, 2.72 km ESE Albert Mountain, along Ball Creek Road",35.03937098,-83.45176203,958.656433,adult,ectoparasite,,ectoparasite; endoparasite,1
33611125,UNCG:Mamm:3486,Peromyscus maniculatus,United States,North Carolina,"Nantahala National Forest, Coweeta Hydrological Laboratory, 2.72 km ESE Albert Mountain, along Ball Creek Road",35.03919496,-83.45164703,942.975647,adult,,,ectoparasite; endoparasite,1
,,,,,,,,,,,,,
33611001,UNCG:Mamm:2131,Peromyscus maniculatus,United States,North Carolina,"Nantahala National Forest, Coweeta Hydrological Laboratory, 2.72 km ESE Albert Mountain, along Ball Creek Road",35.039533,-83.45164502,953.079651,adult,ectoparasite,,ectoparasite; endoparasite,1
33610813,UNCG:Mamm:2187,Ochrotomys nuttalli,United States,North Carolina,"Nantahala National Forest, Coweeta Hydrological Laboratory, 3.36 km SE Albert Mountain, along FR 421-2",35.03009498,-83.45157696,1145.89209,adult,ectoparasite,ectoparasite,endoparasite,1
33611042,UNCG:Mamm:2197,Peromyscus maniculatus,United States,North Carolina,"Nantahala National Forest, Coweeta Hydrological Laboratory, 3.36 km SE Albert Mountain, along FR 421-2",35.03005902,-83.45154896,1144.240845,adult,ectoparasite,,ectoparasite; endoparasite,1
33611185,UNCG:Mamm:2146,Peromyscus maniculatus,United States,North Carolina,"Nantahala National Forest, Coweeta Hydrological Laboratory, 2.72 km ESE Albert Mountain, along Ball Creek Road",35.03945799,-83.45154301,950.668213,adult,ectoparasite,,ectoparasite; endoparasite,1
33611334,UNCG:Mamm:2198,Peromyscus maniculatus,United States,North Carolina,"Nantahala National Forest, Coweeta Hydrological Laboratory, 3.36 km SE Albert Mountain, along FR 421-2",35.030185,-83.45143598,1141.302979,adult,ectoparasite,ectoparasite; endoparasite,,1
33611216,UNCG:Mamm:2169,Sorex fumeus,United States,North Carolina,"Nantahala National Forest, Coweeta Hydrological Laboratory, 3.36 km SE Albert Mountain, along FR 421-2",35.02949199,-83.45138401,1169.247314,adult,ectoparasite; endoparasite,ectoparasite; endoparasite,,1
33467597,UNCG:Mamm:1453,Blarina brevicauda,United States,North Carolina,"Nantahala National Forest, Coweeta Hydrological Laboratory, 2.57 km ENE Albert Mountain, along FR 751",35.05996297,-83.45135501,783.084045,adult,endoparasite,endoparasite,ectoparasite,1
33611151,UNCG:Mamm:2205,Sorex fumeus,United States,North Carolina,"Nantahala National Forest, Coweeta Hydrological Laboratory, 3.36 km SE Albert Mountain, along FR 421-2",35.02983104,-83.45133204,1154.718506,adult,ectoparasite; endoparasite,endoparasite,ectoparasite,1
33611034,UNCG:Mamm:2196,Peromyscus maniculatus,United States,North Carolina,"Nantahala National Forest, Coweeta Hydrological Laboratory, 3.36 km SE Albert Mountain, along FR 421-2",35.029451,-83.45133003,1147.144165,adult,ectoparasite,,ectoparasite; endoparasite,1
33611058,UNCG:Mamm:2194,Peromyscus maniculatus,United States,North Carolina,"Nantahala National Forest, Coweeta Hydrological Laboratory, 3.36 km SE Albert Mountain, along FR 421-2",35.02966197,-83.45132198,1136.446777,adult,ectoparasite,,ectoparasite; endoparasite,1
33467234,UNCG:Mamm:1447,Blarina brevicauda,United States,North Carolina,"Nantahala National Forest, Coweeta Hydrological Laboratory, 2.57 km ENE Albert Mountain, along FR 751",35.06002198,-83.45128099,815.018555,adult,endoparasite,endoparasite,ectoparasite,1
33611136,UNCG:Mamm:2206,Sorex fumeus,United States,North Carolina,"Nantahala National Forest, Coweeta Hydrological Laboratory, 3.36 km SE Albert Mountain, along FR 421-2",35.02962803,-83.45124403,1154.587646,adult,ectoparasite; endoparasite,ectoparasite; endoparasite,,1
33611314,UNCG:Mamm:3480,Peromyscus,United States,North Carolina,"Nantahala National Forest, Coweeta Hydrological Laboratory, 3.36 km SE Albert Mountain, along FR 421-2",35.02935704,-83.451239,1771.568359,adult,,,ectoparasite; endoparasite,1
33611011,UNCG:Mamm:3492,Peromyscus leucopus,United States,North Carolina,"Nantahala National Forest, Coweeta Hydrological Laboratory, 3.36 km SE Albert Mountain, along FR 421-2",35.02974696,-83.45123003,1142.802734,adult,,,ectoparasite; endoparasite,1
33467659,UNCG:Mamm:1443,Sorex fumeus,United States,North Carolina,"Nantahala National Forest, Coweeta Hydrological Laboratory, 2.57 km ENE Albert Mountain, along FR 751",35.06000597,-83.45122299,825.411133,adult,endoparasite,endoparasite,ectoparasite,1
33677031,UNCG:Mamm:2148,Sorex fumeus,United States,North Carolina,"Nantahala National Forest, Coweeta Hydrological Laboratory, 3.36 km SE Albert Mountain, along FR 421-2",35.02949299,-83.45122098,1165.936279,adult,ectoparasite; endoparasite,ectoparasite: flea; endoparasite,,1
33611316,UNCG:Mamm:3485,Napaeozapus insignis,United States,North Carolina,"Nantahala National Forest, Coweeta Hydrological Laboratory, 3.36 km SE Albert Mountain, along FR 421-2",35.02993103,-83.45121704,1134.337646,adult,,,ectoparasite; endoparasite,1
33611022,UNCG:Mamm:3495,Peromyscus leucopus,United States,North Carolina,"Nantahala National Forest, Coweeta Hydrological Laboratory, 3.36 km SE Albert Mountain, along FR 421-2",35.02939099,-83.45121201,1294.81897,subadult,,,ectoparasite; endoparasite,1
33611342,UNCG:Mamm:2199,Peromyscus maniculatus,United States,North Carolina,"Nantahala National Forest, Coweeta Hydrological Laboratory, 3.36 km SE Albert Mountain, along FR 421-2",35.02993103,-83.45121201,1134.306396,adult,ectoparasite,ectoparasite,endoparasite,1
33610771,UNCG:Mamm:2188,Ochrotomys nuttalli,United States,North Carolina,"Nantahala National Forest, Coweeta Hydrological Laboratory, 3.36 km SE Albert Mountain, along FR 421-2",35.02966398,-83.45116901,1137.439453,adult,ectoparasite,,ectoparasite; endoparasite,1
33611421,UNCG:Mamm:2186,Sorex fumeus,United States,North Carolina,"Nantahala National Forest, Coweeta Hydrological Laboratory, 3.36 km SE Albert Mountain, along FR 421-2",35.02951001,-83.45116097,1185.589966,adult,ectoparasite; endoparasite,ectoparasite; endoparasite,,1
33611146,UNCG:Mamm:2208,Sorex cinereus,United States,North Carolina,"Nantahala National Forest, Coweeta Hydrological Laboratory, 3.36 km SE Albert Mountain, along FR 421-2",35.02950297,-83.45114898,1167.914185,adult,ectoparasite; endoparasite,endoparasite,ectoparasite,1
33611231,UNCG:Mamm:2219,Sorex fumeus,United States,North Carolina,"Nantahala National Forest, Coweeta Hydrological Laboratory, 3.36 km SE Albert Mountain, along FR 421-2",35.029235,-83.451124,1180.029541,adult,ectoparasite; endoparasite,endoparasite,ectoparasite,1
33611426,UNCG:Mamm:2216,Sorex cinereus,United States,North Carolina,"Nantahala National Forest, Coweeta Hydrological Laboratory, 3.36 km SE Albert Mountain, along FR 421-2",35.02946399,-83.45111604,1177.645996,adult,ectoparasite; endoparasite,endoparasite,ectoparasite,1
33610896,UNCG:Mamm:2182,Blarina brevicauda,United States,North Carolina,"Nantahala National Forest, Coweeta Hydrological Laboratory, 3.36 km SE Albert Mountain, along FR 421-2",35.02958603,-83.45110397,1161.54834,adult,ectoparasite; endoparasite,ectoparasite; endoparasite,,1
33611120,UNCG:Mamm:2164,Sorex cinereus,United States,North Carolina,"Nantahala National Forest, Coweeta Hydrological Laboratory, 3.36 km SE Albert Mountain, along FR 421-2",35.02958603,-83.45110397,1161.54834,adult,ectoparasite; endoparasite,endoparasite,ectoparasite,1
33611141,UNCG:Mamm:2207,Sorex cinereus,United States,North Carolina,"Nantahala National Forest, Coweeta Hydrological Laboratory, 3.36 km SE Albert Mountain, along FR 421-2",35.02949802,-83.45109098,1163.790405,adult,ectoparasite; endoparasite,endoparasite,ectoparasite,1
33704292,UNCG:Mamm:2257,Sorex fumeus,United States,North Carolina,"Nantahala National Forest, Coweeta Hydrological Laboratory, 3.36 km SE Albert Mountain, along FR 421-2",35.02879604,-83.45108,1163.197998,adult,ectoparasite; endoparasite,endoparasite,ectoparasite,1
,,,,,,,,,,,,,
33611221,UNCG:Mamm:2203,Sorex fumeus,United States,North Carolina,"Nantahala National Forest, Coweeta Hydrological Laboratory, 3.36 km SE Albert Mountain, along FR 421-2",35.02946097,-83.45102803,1157.285645,adult,ectoparasite; endoparasite,endoparasite,ectoparasite,1
33610842,UNCG:Mamm:2212,Napaeozapus insignis,United States,North Carolina,"Nantahala National Forest, Coweeta Hydrological Laboratory, 3.36 km SE Albert Mountain, along FR 421-2",35.02950498,-83.45101302,1167.564331,juvenile,ectoparasite,,ectoparasite; endoparasite,1
,,,,,,,,,,,,,
,,,,,,,,,,,,,
33611111,UNCG:Mamm:2139,Sorex cinereus,United States,North Carolina,"Nantahala National Forest, Coweeta Hydrological Laboratory, 3.36 km SE Albert Mountain, along FR 421-2",35.02948503,-83.45100297,1160.571411,adult,ectoparasite; endoparasite,endoparasite,ectoparasite,1
33611193,UNCG:Mamm:2151,Peromyscus maniculatus,United States,North Carolina,"Nantahala National Forest, Coweeta Hydrological Laboratory, 3.36 km SE Albert Mountain, along FR 421-2",35.02948503,-83.45100297,1160.571411,adult,ectoparasite,,ectoparasite; endoparasite,1
33611201,UNCG:Mamm:2145,Sorex fumeus,United States,North Carolina,"Nantahala National Forest, Coweeta Hydrological Laboratory, 3.36 km SE Albert Mountain, along FR 421-2",35.02937104,-83.45094002,1160.239136,adult,ectoparasite; endoparasite,endoparasite,ectoparasite,1
33704167,UNCG:Mamm:2226,Blarina brevicauda,United States,North Carolina,"Nantahala National Forest, Coweeta Hydrological Laboratory, 3.36 km SE Albert Mountain, along FR 421-2",35.02876,-83.45093097,1179.130737,adult,ectoparasite; endoparasite,ectoparasite; endoparasite,,1
33611403,UNCG:Mamm:2143,Sorex cinereus,United States,North Carolina,"Nantahala National Forest, Coweeta Hydrological Laboratory, 3.36 km SE Albert Mountain, along FR 421-2",35.02885798,-83.45091898,1156.329712,adult,ectoparasite; endoparasite,ectoparasite; endoparasite,,1
33466182,UNCG:Mamm:1432,Peromyscus,United States,North Carolina,"Nantahala National Forest, Coweeta Hydrological Laboratory, 2.57 km ENE Albert Mountain, along FR 751",35.05902998,-83.45088797,560.355347,adult,ectoparasite,,ectoparasite; endoparasite,1
33610959,UNCG:Mamm:2201,Sorex fumeus,United States,North Carolina,"Nantahala National Forest, Coweeta Hydrological Laboratory, 3.36 km SE Albert Mountain, along FR 421-2",35.02955602,-83.45087799,1172.468262,adult,ectoparasite; endoparasite,ectoparasite; endoparasite,,1
33611416,UNCG:Mamm:2165,Sorex fumeus,United States,North Carolina,"Nantahala National Forest, Coweeta Hydrological Laboratory, 3.36 km SE Albert Mountain, along FR 421-2",35.02887902,-83.45087003,1160.580322,adult,ectoparasite; endoparasite,endoparasite,ectoparasite,1
33611398,UNCG:Mamm:2144,Sorex cinereus,United States,North Carolina,"Nantahala National Forest, Coweeta Hydrological Laboratory, 3.36 km SE Albert Mountain, along FR 421-2",35.028804,-83.450865,1159.516846,adult,ectoparasite; endoparasite,endoparasite,ectoparasite,1
,,,,,,,,,,,,,
33610808,UNCG:Mamm:2183,Sorex cinereus,United States,North Carolina,"Nantahala National Forest, Coweeta Hydrological Laboratory, 3.36 km SE Albert Mountain, along FR 421-2",35.029379,-83.45086299,1195.401001,adult,ectoparasite; endoparasite,ectoparasite; endoparasite,,1
33611131,UNCG:Mamm:2195,Sorex fumeus,United States,North Carolina,"Nantahala National Forest, Coweeta Hydrological Laboratory, 3.36 km SE Albert Mountain, along FR 421-2",35.02894498,-83.45086198,1180.338135,adult,ectoparasite; endoparasite,ectoparasite; endoparasite,,1
33610969,UNCG:Mamm:2209,Blarina brevicauda,United States,North Carolina,"Nantahala National Forest, Coweeta Hydrological Laboratory, 3.36 km SE Albert Mountain, along FR 421-2",35.02897499,-83.45085897,1161.598145,adult,ectoparasite; endoparasite,endoparasite,ectoparasite,1
33611050,UNCG:Mamm:2190,Peromyscus maniculatus,United States,North Carolina,"Nantahala National Forest, Coweeta Hydrological Laboratory, 3.36 km SE Albert Mountain, along FR 421-2",35.02905403,-83.450837,1142.027588,adult,ectoparasite,ectoparasite,endoparasite,1
33611092,UNCG:Mamm:2152,Sorex fumeus,United States,North Carolina,"Nantahala National Forest, Coweeta Hydrological Laboratory, 3.36 km SE Albert Mountain, along FR 421-2",35.02907901,-83.45082502,1160.275024,adult,ectoparasite; endoparasite,endoparasite,ectoparasite,1
33611206,UNCG:Mamm:2159,Napaeozapus insignis,United States,North Carolina,"Nantahala National Forest, Coweeta Hydrological Laboratory, 3.36 km SE Albert Mountain, along FR 421-2",35.02907599,-83.450822,1158.586548,subadult,ectoparasite,,ectoparasite; endoparasite,1
33611097,UNCG:Mamm:2141,Sorex cinereus,United States,North Carolina,"Nantahala National Forest, Coweeta Hydrological Laboratory, 3.36 km SE Albert Mountain, along FR 421-2",35.02907599,-83.45081303,1155.255859,adult,ectoparasite; endoparasite,endoparasite,ectoparasite,1
33610964,UNCG:Mamm:2218,Sorex fumeus,United States,North Carolina,"Nantahala National Forest, Coweeta Hydrological Laboratory, 3.36 km SE Albert Mountain, along FR 421-2",35.02963599,-83.45075201,1172.384766,adult,ectoparasite; endoparasite,endoparasite,ectoparasite,1
33611211,UNCG:Mamm:2163,Napaeozapus insignis,United States,North Carolina,"Nantahala National Forest, Coweeta Hydrological Laboratory, 3.36 km SE Albert Mountain, along FR 421-2",35.02963599,-83.45075201,1172.384766,adult,ectoparasite,,ectoparasite; endoparasite,1
,,,,,,,,,,,,,
,,,,,,,,,,,,,
33704078,UNCG:Mamm:2270,Sorex cinereus,United States,North Carolina,"Nantahala National Forest, Coweeta Hydrological Laboratory, 3.36 km SE Albert Mountain, along FR 421-2",35.02963599,-83.45075201,1172.384766,adult,ectoparasite; endoparasite,endoparasite,ectoparasite,1
33704287,UNCG:Mamm:2242,Blarina brevicauda,United States,North Carolina,"Nantahala National Forest, Coweeta Hydrological Laboratory, 3.36 km SE Albert Mountain, along FR 421-2",35.02963599,-83.45075201,1172.384766,adult,ectoparasite; endoparasite,ectoparasite; endoparasite,,1
,,,,,,,,,,,,,
33611350,UNCG:Mamm:2174,Peromyscus maniculatus,United States,North Carolina,"Nantahala National Forest, Coweeta Hydrological Laboratory, 3.36 km SE Albert Mountain, along FR 421-2",35.02874298,-83.45073399,1281.347168,adult,ectoparasite,,ectoparasite; endoparasite,1
33611104,UNCG:Mamm:2140,Sorex cinereus,United States,North Carolina,"Nantahala National Forest, Coweeta Hydrological Laboratory, 3.36 km SE Albert Mountain, along FR 421-2",35.02910801,-83.450706,1159.568359,adult,ectoparasite; endoparasite,ectoparasite; endoparasite,,1
33611318,UNCG:Mamm:3494,Peromyscus,United States,North Carolina,"Nantahala National Forest, Coweeta Hydrological Laboratory, 3.36 km SE Albert Mountain, along FR 421-2",35.02885203,-83.45063098,1272.206665,adult,,,ectoparasite; endoparasite,1
33611326,UNCG:Mamm:2215,Peromyscus maniculatus,United States,North Carolina,"Nantahala National Forest, Coweeta Hydrological Laboratory, 3.36 km SE Albert Mountain, along FR 421-2",35.02884801,-83.45062704,1272.151245,adult,ectoparasite,,ectoparasite; endoparasite,1
33611026,UNCG:Mamm:2214,Peromyscus maniculatus,United States,North Carolina,"Nantahala National Forest, Coweeta Hydrological Laboratory, 3.36 km SE Albert Mountain, along FR 421-2",35.02872596,-83.45062603,1270.492432,adult,ectoparasite,,ectoparasite; endoparasite,1
33466082,UNCG:Mamm:985,Sorex cinereus,United States,North Carolina,"Nantahala National Forest, Coweeta Hydrological Laboratory, 2.57 km ENE Albert Mountain, along FR 751",35.06014301,-83.45061597,923.920349,adult,ectoparasite; endoparasite,endoparasite,ectoparasite,1
33467602,UNCG:Mamm:1446,Myodes gapperi,United States,North Carolina,"Nantahala National Forest, Coweeta Hydrological Laboratory, 2.57 km ENE Albert Mountain, along FR 751",35.06020697,-83.450534,803.936584,adult,,,ectoparasite; endoparasite,1
33466078,UNCG:Mamm:982,Sorex cinereus,United States,North Carolina,"Nantahala National Forest, Coweeta Hydrological Laboratory, 2.57 km ENE Albert Mountain, along FR 751",35.0604,-83.45027701,820.152527,adult,ectoparasite; endoparasite,endoparasite,ectoparasite,1
,,,,,,,,,,,,,
33704457,UNCG:Mamm:2255,Peromyscus maniculatus,United States,North Carolina,"Nantahala National Forest, Coweeta Hydrological Laboratory, 2.72 km ESE Albert Mountain, along Ball Creek Road",35.06009096,-83.45025203,975.57605,adult,ectoparasite,ectoparasite,endoparasite,1
33466260,UNCG:Mamm:1582,Sorex fumeus,United States,North Carolina,"Nantahala National Forest, Coweeta Hydrological Laboratory, 2.57 km ENE Albert Mountain, along FR 751",35.06044904,-83.45024499,941.487976,adult,ectoparasite; endoparasite,ectoparasite; endoparasite,,1
33466223,UNCG:Mamm:1535,Blarina brevicauda,United States,North Carolina,"Nantahala National Forest, Coweeta Hydrological Laboratory, 2.57 km ENE Albert Mountain, along FR 751",35.05991201,-83.450232,851.477112,adult,ectoparasite; endoparasite,ectoparasite; endoparasite,,1
,,,,,,,,,,,,,
,,,,,,,,,,,,,
33466926,UNCG:Mamm:3268,Sorex cinereus,United States,North Carolina,"Nantahala National Forest, Coweeta Hydrological Laboratory, 2.57 km ENE Albert Mountain, along FR 751",35.05991201,-83.450232,851.477112,adult,,,ectoparasite; endoparasite,1
33466776,UNCG:Mamm:1662,Sorex fumeus,United States,North Carolina,"Nantahala National Forest, Coweeta Hydrological Laboratory, 2.57 km ENE Albert Mountain, along FR 751",35.06007596,-83.45021297,745.078003,adult,ectoparasite; endoparasite,ectoparasite; endoparasite,,1
33466321,UNCG:Mamm:1609,Peromyscus,United States,North Carolina,"Nantahala National Forest, Coweeta Hydrological Laboratory, 2.57 km ENE Albert Mountain, along FR 751",35.06051299,-83.45019503,896.349182,juvenile,,,ectoparasite; endoparasite,1
33704307,UNCG:Mamm:2281,Sorex cinereus,United States,North Carolina,"Nantahala National Forest, Coweeta Hydrological Laboratory, 2.57 km ENE Albert Mountain, along FR 751",35.05996004,-83.45016402,809.638733,adult,ectoparasite; endoparasite,endoparasite,ectoparasite,1
33467097,UNCG:Mamm:1570,Microtus pennsylvanicus,United States,North Carolina,"Nantahala National Forest, Coweeta Hydrological Laboratory, 2.57 km ENE Albert Mountain, along FR 751",35.06026598,-83.450117,853.808777,subadult,ectoparasite,ectoparasite,endoparasite,1
33704447,UNCG:Mamm:2258,Sorex cinereus,United States,North Carolina,"Nantahala National Forest, Coweeta Hydrological Laboratory, 2.57 km ENE Albert Mountain, along FR 751",35.06040897,-83.45008196,796.487549,subadult,ectoparasite; endoparasite,endoparasite,ectoparasite,1
33466306,UNCG:Mamm:1567,Peromyscus,United States,North Carolina,"Nantahala National Forest, Coweeta Hydrological Laboratory, 2.57 km ENE Albert Mountain, along FR 751",35.06004503,-83.44996101,812.485413,subadult,ectoparasite,ectoparasite,endoparasite,1
33704297,UNCG:Mamm:2222,Sorex fumeus,United States,North Carolina,"Nantahala National Forest, Coweeta Hydrological Laboratory, 2.57 km ENE Albert Mountain, along FR 751",35.05985501,-83.44984802,829.502502,adult,ectoparasite; endoparasite,endoparasite,ectoparasite,1
33465896,UNCG:Mamm:994,Peromyscus,United States,North Carolina,"Nantahala National Forest, Coweeta Hydrological Laboratory, 2.57 km ENE Albert Mountain, along FR 751",35.06033303,-83.44980896,776.138184,subadult,,,ectoparasite; endoparasite,1
33466552,UNCG:Mamm:1540,Microtus pinetorum,United States,North Carolina,"Nantahala National Forest, Coweeta Hydrological Laboratory, 2.57 km ENE Albert Mountain, along FR 751",35.05989902,-83.44978197,793.193176,subadult,ectoparasite,ectoparasite,endoparasite,1
33466683,UNCG:Mamm:1558,Sorex fumeus,United States,North Carolina,"Nantahala National Forest, Coweeta Hydrological Laboratory, 2.57 km ENE Albert Mountain, along FR 751",35.05989902,-83.44978197,793.193176,adult,ectoparasite; endoparasite,ectoparasite; endoparasite,,1
33704312,UNCG:Mamm:2238,Peromyscus leucopus,United States,North Carolina,"Nantahala National Forest, Coweeta Hydrological Laboratory, 2.57 km ENE Albert Mountain, along FR 751",35.05989902,-83.44978197,793.193176,adult,ectoparasite,,ectoparasite; endoparasite,1
33466086,UNCG:Mamm:987,Sorex cinereus,United States,North Carolina,"Nantahala National Forest, Coweeta Hydrological Laboratory, 2.57 km ENE Albert Mountain, along FR 751",35.06007403,-83.44976496,769.545715,adult,ectoparasite; endoparasite,endoparasite,ectoparasite,1
33466916,UNCG:Mamm:1555,Blarina brevicauda,United States,North Carolina,"Nantahala National Forest, Coweeta Hydrological Laboratory, 2.57 km ENE Albert Mountain, along FR 751",35.06031099,-83.44973998,771.581238,adult,ectoparasite; endoparasite,ectoparasite; endoparasite,,1
,,,,,,,,,,,,,
,,,,,,,,,,,,,
33705301,UNCG:Mamm:2291,Blarina brevicauda,United States,North Carolina,"Nantahala National Forest, Coweeta Hydrological Laboratory, 2.57 km ENE Albert Mountain, along FR 751",35.059924,-83.44973001,815.957336,adult,ectoparasite; endoparasite,endoparasite,ectoparasite,1
33465904,UNCG:Mamm:1428,Peromyscus,United States,North Carolina,"Nantahala National Forest, Coweeta Hydrological Laboratory, 2.57 km ENE Albert Mountain, along FR 751",35.060098,-83.44972196,860.428711,juvenile,,,ectoparasite; endoparasite,1
33704302,UNCG:Mamm:2224,Sorex cinereus,United States,North Carolina,"Nantahala National Forest, Coweeta Hydrological Laboratory, 2.57 km ENE Albert Mountain, along FR 751",35.06031501,-83.44967703,776.484436,subadult,ectoparasite; endoparasite,endoparasite,ectoparasite,1
33465939,UNCG:Mamm:3271,Blarina brevicauda,United States,North Carolina,"Nantahala National Forest, Coweeta Hydrological Laboratory, 2.57 km ENE Albert Mountain, along FR 751",35.06000597,-83.44963102,807.514954,adult,ectoparasite; endoparasite,ectoparasite; endoparasite,,1
,,,,,,,,,,,,,
33466118,UNCG:Mamm:1576,Sorex fumeus,United States,North Carolina,"Nantahala National Forest, Coweeta Hydrological Laboratory, 2.57 km ENE Albert Mountain, along FR 751",35.06012298,-83.44954502,825.84729,adult,ectoparasite; endoparasite,ectoparasite; endoparasite,,1
33466921,UNCG:Mamm:1539,Blarina brevicauda,United States,North Carolina,"Nantahala National Forest, Coweeta Hydrological Laboratory, 2.57 km ENE Albert Mountain, along FR 751",35.05987203,-83.44951803,694.379883,adult,ectoparasite; endoparasite,ectoparasite; endoparasite,,1
33704130,UNCG:Mamm:2283,Sorex fumeus,United States,North Carolina,"Nantahala National Forest, Coweeta Hydrological Laboratory, 2.57 km ENE Albert Mountain, along FR 751",35.060183,-83.44950898,790.861938,adult,ectoparasite; endoparasite,ectoparasite; endoparasite,,1
33610984,UNCG:Mamm:2127,Peromyscus,United States,North Carolina,"Nantahala National Forest, Coweeta Hydrological Laboratory, 2.57 km ENE Albert Mountain, along FR 751",35.06023404,-83.44949196,794.318848,subadult,ectoparasite,ectoparasite,endoparasite,1
33466110,UNCG:Mamm:1559,Sorex fumeus,United States,North Carolina,"Nantahala National Forest, Coweeta Hydrological Laboratory, 2.57 km ENE Albert Mountain, along FR 751",35.06014603,-83.44946497,771.800354,adult,ectoparasite; endoparasite,endoparasite,ectoparasite,1
33466529,UNCG:Mamm:1574,Microtus pennsylvanicus,United States,North Carolina,"Nantahala National Forest, Coweeta Hydrological Laboratory, 3.84 km SE Albert Mountain, along FR 421-2",35.02658799,-83.449427,921.037842,subadult,ectoparasite,ectoparasite,endoparasite,1
33704431,UNCG:Mamm:2248,Peromyscus maniculatus,United States,North Carolina,"Nantahala National Forest, Coweeta Hydrological Laboratory, 2.57 km ENE Albert Mountain, along FR 751",35.05989097,-83.44936003,802.449951,adult,ectoparasite,,ectoparasite; endoparasite,1
33466095,UNCG:Mamm:3299,Peromyscus,United States,North Carolina,"Nantahala National Forest, Coweeta Hydrological Laboratory, 3.84 km SE Albert Mountain, along FR 421-2",35.02718101,-83.44935802,1150.340332,subadult,,,ectoparasite; endoparasite,1
33466102,UNCG:Mamm:1464,Sorex cinereus,United States,North Carolina,"Nantahala National Forest, Coweeta Hydrological Laboratory, 2.57 km ENE Albert Mountain, along FR 751",35.06006104,-83.44933597,796.910339,adult,,,ectoparasite; endoparasite,1
33704423,UNCG:Mamm:2250,Peromyscus maniculatus,United States,North Carolina,"Nantahala National Forest, Coweeta Hydrological Laboratory, 2.57 km ENE Albert Mountain, along FR 751",35.05972803,-83.44933002,809.615967,adult,ectoparasite,ectoparasite,endoparasite,1
33466349,UNCG:Mamm:1530,Peromyscus maniculatus,United States,North Carolina,"Nantahala National Forest, Coweeta Hydrological Laboratory, 2.57 km ENE Albert Mountain, along FR 751",35.05946701,-83.44932298,778.838928,adult,ectoparasite,ectoparasite,endoparasite,1
,,,,,,,,,,,,,
33704400,UNCG:Mamm:2275,Peromyscus maniculatus,United States,North Carolina,"Nantahala National Forest, Coweeta Hydrological Laboratory, 2.57 km ENE Albert Mountain, along FR 751",35.05961797,-83.44931896,803.510376,adult,ectoparasite,ectoparasite,endoparasite,1
33466024,UNCG:Mamm:1644,Peromyscus maniculatus,United States,North Carolina,"Nantahala National Forest, Coweeta Hydrological Laboratory, 3.84 km SE Albert Mountain, along FR 421-2",35.02720004,-83.44929004,1145.858276,adult,ectoparasite,ectoparasite,endoparasite,1
33466264,UNCG:Mamm:1622,Peromyscus maniculatus,United States,North Carolina,"Nantahala National Forest, Coweeta Hydrological Laboratory, 2.57 km ENE Albert Mountain, along FR 751",35.05987404,-83.44927504,822.096863,subadult,,,ectoparasite; endoparasite,1
33704083,UNCG:Mamm:3506,Peromyscus leucopus,United States,North Carolina,"Nantahala National Forest, Coweeta Hydrological Laboratory, 3.84 km SE Albert Mountain, along FR 421-2",35.02687499,-83.44927504,1158.379028,adult,,,ectoparasite; endoparasite,1
33466032,UNCG:Mamm:1648,Peromyscus maniculatus,United States,North Carolina,"Nantahala National Forest, Coweeta Hydrological Laboratory, 3.84 km SE Albert Mountain, along FR 421-2",35.02725896,-83.44927101,1159.099854,adult,ectoparasite,ectoparasite,endoparasite,1
33466132,UNCG:Mamm:1431,Ochrotomys nuttalli,United States,North Carolina,"Nantahala National Forest, Coweeta Hydrological Laboratory, 2.57 km ENE Albert Mountain, along FR 751",35.06020999,-83.44926397,772.090454,adult,ectoparasite,,ectoparasite; endoparasite,1
33466069,UNCG:Mamm:1646,Sorex cinereus,United States,North Carolina,"Nantahala National Forest, Coweeta Hydrological Laboratory, 2.57 km ENE Albert Mountain, along FR 751",35.02643402,-83.44917504,805.685425,adult,ectoparasite; endoparasite,ectoparasite; endoparasite,,1
33466175,UNCG:Mamm:1436,Peromyscus maniculatus,United States,North Carolina,"Nantahala National Forest, Coweeta Hydrological Laboratory, 2.57 km ENE Albert Mountain, along FR 751",35.05940298,-83.44916901,580.523804,adult,ectoparasite,,ectoparasite; endoparasite,1
33704368,UNCG:Mamm:3498,Peromyscus leucopus,United States,North Carolina,"Nantahala National Forest, Coweeta Hydrological Laboratory, 2.57 km ENE Albert Mountain, along FR 751",35.05965502,-83.44915903,790.15387,adult,,,ectoparasite; endoparasite,1
33611312,UNCG:Mamm:3493,Peromyscus maniculatus,United States,North Carolina,"Nantahala National Forest, Coweeta Hydrological Laboratory, 2.57 km ENE Albert Mountain, along FR 751",35.05961898,-83.44915199,796.106995,adult,,,ectoparasite; endoparasite,1
33704159,UNCG:Mamm:2237,Peromyscus maniculatus,United States,North Carolina,"Nantahala National Forest, Coweeta Hydrological Laboratory, 2.57 km ENE Albert Mountain, along FR 751",35.05969601,-83.44914696,798.843689,adult,ectoparasite,,ectoparasite; endoparasite,1
33466040,UNCG:Mamm:1653,Ochrotomys nuttalli,United States,North Carolina,"Nantahala National Forest, Coweeta Hydrological Laboratory, 3.84 km SE Albert Mountain, along FR 421-2",35.02715402,-83.44914101,1158.530151,adult,ectoparasite,,ectoparasite; endoparasite,1
33704085,UNCG:Mamm:2232,Peromyscus maniculatus,United States,North Carolina,"Nantahala National Forest, Coweeta Hydrological Laboratory, 2.57 km ENE Albert Mountain, along FR 751",35.05973297,-83.44914,791.170776,adult,ectoparasite,,ectoparasite; endoparasite,1
33466267,UNCG:Mamm:1528,Peromyscus maniculatus,United States,North Carolina,"Nantahala National Forest, Coweeta Hydrological Laboratory, 2.57 km ENE Albert Mountain, along FR 751",35.05945402,-83.44912601,2648.920654,subadult,ectoparasite,ectoparasite,endoparasite,1
33466054,UNCG:Mamm:1640,Sorex cinereus,United States,North Carolina,"Nantahala National Forest, Coweeta Hydrological Laboratory, 3.84 km SE Albert Mountain, along FR 421-2",35.02472302,-83.44910899,1086.074097,adult,ectoparasite; endoparasite,ectoparasite; endoparasite,,1
33466541,UNCG:Mamm:1541,Ochrotomys nuttalli,United States,North Carolina,"Nantahala National Forest, Coweeta Hydrological Laboratory, 2.57 km ENE Albert Mountain, along FR 751",35.05953197,-83.44910799,709.164978,adult,ectoparasite,ectoparasite,endoparasite,1
33611322,UNCG:Mamm:3469,Peromyscus leucopus,United States,North Carolina,"Nantahala National Forest, Coweeta Hydrological Laboratory, 3.84 km SE Albert Mountain, along FR 421-2",35.02690097,-83.44910799,1177.953735,adult,,,ectoparasite; endoparasite,1
33466090,UNCG:Mamm:1643,Peromyscus leucopus,United States,North Carolina,"Nantahala National Forest, Coweeta Hydrological Laboratory, 3.84 km SE Albert Mountain, along FR 421-2",35.02703902,-83.44910103,1156.637939,adult,ectoparasite,,ectoparasite; endoparasite,1
33611024,UNCG:Mamm:3470,Peromyscus leucopus,United States,North Carolina,"Nantahala National Forest, Coweeta Hydrological Laboratory, 3.84 km SE Albert Mountain, along FR 421-2",35.02685697,-83.44908401,1178.095703,adult,,,ectoparasite; endoparasite,1
33466209,UNCG:Mamm:1440,Peromyscus maniculatus,United States,North Carolina,"Nantahala National Forest, Coweeta Hydrological Laboratory, 2.57 km ENE Albert Mountain, along FR 751",35.05991997,-83.44907898,773.887268,adult,ectoparasite,ectoparasite,endoparasite,1
,,,,,,,,,,,,,
,,,,,,,,,,,,,
33610872,UNCG:Mamm:2175,Peromyscus maniculatus,United States,North Carolina,"Nantahala National Forest, Coweeta Hydrological Laboratory, 2.57 km ENE Albert Mountain, along FR 751",35.05947104,-83.44906901,755.140015,adult,ectoparasite,ectoparasite,endoparasite,1
33610786,UNCG:Mamm:2181,Peromyscus maniculatus,United States,North Carolina,"Nantahala National Forest, Coweeta Hydrological Laboratory, 2.57 km ENE Albert Mountain, along FR 751",35.05946802,-83.44905702,759.565369,adult,ectoparasite,,ectoparasite; endoparasite,1
33466590,UNCG:Mamm:1554,Blarina brevicauda,United States,North Carolina,"Nantahala National Forest, Coweeta Hydrological Laboratory, 3.84 km SE Albert Mountain, along FR 421-2",35.02654198,-83.44905702,1168.278442,adult,ectoparasite; endoparasite,ectoparasite; endoparasite,,1
33595499,UNCG:Mamm:1521,Peromyscus maniculatus,United States,North Carolina,"Nantahala National Forest, Coweeta Hydrological Laboratory, 2.57 km ENE Albert Mountain, along FR 751",35.05958101,-83.44903699,779.38562,adult,ectoparasite,ectoparasite,endoparasite,1
33466984,UNCG:Mamm:1522,Blarina brevicauda,United States,North Carolina,"Nantahala National Forest, Coweeta Hydrological Laboratory, 3.84 km SE Albert Mountain, along FR 421-2",35.02655698,-83.44902903,1200.391235,adult,ectoparasite; endoparasite,ectoparasite; endoparasite,,1
33610888,UNCG:Mamm:2192,Peromyscus maniculatus,United States,North Carolina,"Nantahala National Forest, Coweeta Hydrological Laboratory, 2.57 km ENE Albert Mountain, along FR 751",35.05979701,-83.44902702,760.805359,adult,ectoparasite,ectoparasite,endoparasite,1
,,,,,,,,,,,,,
33466742,UNCG:Mamm:1460,Peromyscus maniculatus,United States,North Carolina,"Nantahala National Forest, Coweeta Hydrological Laboratory, 2.57 km ENE Albert Mountain, along FR 751",35.05971998,-83.44901503,819.908081,adult,ectoparasite,ectoparasite,endoparasite,1
,,,,,,,,,,,,,
33466002,UNCG:Mamm:1631,Blarina brevicauda,United States,North Carolina,"Nantahala National Forest, Coweeta Hydrological Laboratory, 3.84 km SE Albert Mountain, along FR 421-2",35.026373,-83.44900698,1172.82312,adult,ectoparasite; endoparasite,ectoparasite; endoparasite,,1
,,,,,,,,,,,,,
33466335,UNCG:Mamm:1613,Peromyscus maniculatus,United States,North Carolina,"Nantahala National Forest, Coweeta Hydrological Laboratory, 3.84 km SE Albert Mountain, along FR 421-2",35.02644399,-83.44899299,1138.869873,adult,,,ectoparasite; endoparasite,1
33466695,UNCG:Mamm:1520,Sorex fumeus,United States,North Carolina,"Nantahala National Forest, Coweeta Hydrological Laboratory, 3.84 km SE Albert Mountain, along FR 421-2",35.026402,-83.44898896,1208.317749,adult,ectoparasite; endoparasite,ectoparasite; endoparasite,,1
33611282,UNCG:Mamm:2168,Sorex fumeus,United States,North Carolina,"Nantahala National Forest, Coweeta Hydrological Laboratory, 3.84 km SE Albert Mountain, along FR 421-2",35.02657601,-83.44898301,1162.676514,adult,ectoparasite; endoparasite,ectoparasite; endoparasite,,1
33466047,UNCG:Mamm:1673,Microtus pinetorum,United States,North Carolina,"Nantahala National Forest, Coweeta Hydrological Laboratory, 3.84 km SE Albert Mountain, along FR 421-2",35.02663602,-83.44898201,1132.771362,adult,ectoparasite,ectoparasite,endoparasite,1
33610795,UNCG:Mamm:2185,Napaeozapus insignis,United States,North Carolina,"Nantahala National Forest, Coweeta Hydrological Laboratory, 2.57 km ENE Albert Mountain, along FR 751",35.05961797,-83.44896097,814.098145,adult,ectoparasite,,ectoparasite; endoparasite,1
33611272,UNCG:Mamm:2155,Sorex fumeus,United States,North Carolina,"Nantahala National Forest, Coweeta Hydrological Laboratory, 3.84 km SE Albert Mountain, along FR 421-2",35.02669302,-83.44893901,1170.306274,adult,ectoparasite; endoparasite,endoparasite,ectoparasite,1
33465813,UNCG:Mamm:1665,Sorex fumeus,United States,North Carolina,"Nantahala National Forest, Coweeta Hydrological Laboratory, 3.84 km SE Albert Mountain, along FR 421-2",35.02633402,-83.44893197,1129.932129,adult,ectoparasite; endoparasite,ectoparasite; endoparasite,,1
33465972,UNCG:Mamm:1654,Blarina brevicauda,United States,North Carolina,"Nantahala National Forest, Coweeta Hydrological Laboratory, 3.84 km SE Albert Mountain, along FR 421-2",35.02636302,-83.44893197,1227.736206,adult,ectoparasite; endoparasite,ectoparasite; endoparasite,,1
33465982,UNCG:Mamm:1672,Blarina brevicauda,United States,North Carolina,"Nantahala National Forest, Coweeta Hydrological Laboratory, 3.84 km SE Albert Mountain, along FR 421-2",35.02633603,-83.44893096,1129.969727,adult,ectoparasite; endoparasite,ectoparasite; endoparasite,,1
33467093,UNCG:Mamm:1551,Sorex fumeus,United States,North Carolina,"Nantahala National Forest, Coweeta Hydrological Laboratory, 3.84 km SE Albert Mountain, along FR 421-2",35.02634601,-83.44893004,729.810303,adult,ectoparasite; endoparasite,ectoparasite; endoparasite,,1
33465808,UNCG:Mamm:1645,Sorex fumeus,United States,North Carolina,"Nantahala National Forest, Coweeta Hydrological Laboratory, 3.84 km SE Albert Mountain, along FR 421-2",35.02626001,-83.44892501,1310.686401,adult,ectoparasite; endoparasite,ectoparasite; endoparasite,,1
33610954,UNCG:Mamm:2167,Sorex fumeus,United States,North Carolina,"Nantahala National Forest, Coweeta Hydrological Laboratory, 3.36 km SE Albert Mountain, along FR 421-2",35.02623503,-83.44891998,1163.853638,adult,ectoparasite; endoparasite,ectoparasite; endoparasite,,1
33611267,UNCG:Mamm:2158,Napaeozapus insignis,United States,North Carolina,"Nantahala National Forest, Coweeta Hydrological Laboratory, 3.84 km SE Albert Mountain, along FR 421-2",35.02650803,-83.44891503,1177.690552,subadult,ectoparasite,,ectoparasite; endoparasite,1
,,,,,,,,,,,,,
,,,,,,,,,,,,,
33611393,UNCG:Mamm:2154,Sorex fumeus,United States,North Carolina,"Nantahala National Forest, Coweeta Hydrological Laboratory, 3.84 km SE Albert Mountain, along FR 421-2",35.026229,-83.44890598,1186.464478,adult,ectoparasite; endoparasite,ectoparasite; endoparasite,,1
33465823,UNCG:Mamm:1638,Blarina brevicauda,United States,North Carolina,"Nantahala National Forest, Coweeta Hydrological Laboratory, 3.84 km SE Albert Mountain, along FR 421-2",35.02624501,-83.44890104,1165.577026,adult,ectoparasite; endoparasite,ectoparasite; endoparasite,,1
33704366,UNCG:Mamm:3508,Peromyscus maniculatus,United States,North Carolina,"Nantahala National Forest, Coweeta Hydrological Laboratory, 2.57 km ENE Albert Mountain, along FR 751",35.05980204,-83.44889802,811.894409,adult,,,ectoparasite; endoparasite,1
33610856,UNCG:Mamm:2142,Peromyscus maniculatus,United States,North Carolina,"Nantahala National Forest, Coweeta Hydrological Laboratory, 3.84 km SE Albert Mountain, along FR 421-2",35.02680198,-83.44889701,1070.928589,adult,ectoparasite,,ectoparasite; endoparasite,1
33465977,UNCG:Mamm:1661,Peromyscus maniculatus,United States,North Carolina,"Nantahala National Forest, Coweeta Hydrological Laboratory, 3.84 km SE Albert Mountain, along FR 421-2",35.02682604,-83.44889098,1170.167114,adult,ectoparasite,ectoparasite,endoparasite,1
33466271,UNCG:Mamm:1461,Peromyscus maniculatus,United States,North Carolina,"Nantahala National Forest, Coweeta Hydrological Laboratory, 4.51 km ENE Albert Mountain, along Ball Creek Road",35.05965896,-83.44888402,814.914612,adult,ectoparasite,ectoparasite,endoparasite,1
33465818,UNCG:Mamm:1669,Peromyscus leucopus,United States,North Carolina,"Nantahala National Forest, Coweeta Hydrological Laboratory, 3.84 km SE Albert Mountain, along FR 421-2",35.02650401,-83.44887304,1137.226074,subadult,ectoparasite,,ectoparasite; endoparasite,1
33610848,UNCG:Mamm:2173,Peromyscus maniculatus,United States,North Carolina,"Nantahala National Forest, Coweeta Hydrological Laboratory, 3.84 km SE Albert Mountain, along FR 421-2",35.02678002,-83.44887103,1190.92334,adult,ectoparasite,,ectoparasite; endoparasite,1
33466016,UNCG:Mamm:1642,Peromyscus maniculatus,United States,North Carolina,"Nantahala National Forest, Coweeta Hydrological Laboratory, 3.84 km SE Albert Mountain, along FR 421-2",35.02671699,-83.44886499,1155.425537,adult,ectoparasite,,ectoparasite; endoparasite,1
33610828,UNCG:Mamm:2166,Microtus pinetorum,United States,North Carolina,"Nantahala National Forest, Coweeta Hydrological Laboratory, 3.84 km SE Albert Mountain, along FR 421-2",35.02634098,-83.44885301,1163.051392,adult,ectoparasite,ectoparasite,endoparasite,1
33465829,UNCG:Mamm:1664,Sorex fumeus,United States,North Carolina,"Nantahala National Forest, Coweeta Hydrological Laboratory, 3.84 km SE Albert Mountain, along FR 421-2",35.02620704,-83.44884697,1125.868896,adult,ectoparasite; endoparasite,endoparasite,ectoparasite,1
,,,,,,,,,,,,,
33611257,UNCG:Mamm:2123,Blarina brevicauda,United States,North Carolina,"Nantahala National Forest, Coweeta Hydrological Laboratory, 3.84 km SE Albert Mountain, along FR 421-2",35.02625397,-83.44884203,1127.794556,adult,ectoparasite; endoparasite,endoparasite,ectoparasite,1
33466373,UNCG:Mamm:1531,Peromyscus maniculatus,United States,North Carolina,"Nantahala National Forest, Coweeta Hydrological Laboratory, 2.57 km ENE Albert Mountain, along FR 751",35.059594,-83.448837,2905.163574,adult,ectoparasite,ectoparasite,endoparasite,1
33465834,UNCG:Mamm:1668,Sorex fumeus,United States,North Carolina,"Nantahala National Forest, Coweeta Hydrological Laboratory, 3.84 km SE Albert Mountain, along FR 421-2",35.02621802,-83.44883298,1128.0896,adult,ectoparasite; endoparasite,endoparasite,ectoparasite,1
,,,,,,,,,,,,,
,,,,,,,,,,,,,
33611277,UNCG:Mamm:2160,Peromyscus leucopus,United States,North Carolina,"Nantahala National Forest, Coweeta Hydrological Laboratory, 3.84 km SE Albert Mountain, along FR 421-2",35.02641398,-83.44881202,1175.253662,adult,ectoparasite,ectoparasite,endoparasite,1
,,,,,,,,,,,,,
33465992,UNCG:Mamm:1655,Myodes gapperi,United States,North Carolina,"Nantahala National Forest, Coweeta Hydrological Laboratory, 3.84 km SE Albert Mountain, along FR 421-2",35.02627602,-83.448808,1224.41272,adult,ectoparasite,ectoparasite,endoparasite,1
33467081,UNCG:Mamm:1575,Sorex cinereus,United States,North Carolina,"Nantahala National Forest, Coweeta Hydrological Laboratory, 2.72 km ESE Albert Mountain, along Ball Creek Road",35.02653703,-83.44880003,1163.418823,adult,ectoparasite; endoparasite,ectoparasite; endoparasite,,1
33466008,UNCG:Mamm:1641,Peromyscus maniculatus,United States,North Carolina,"Nantahala National Forest, Coweeta Hydrological Laboratory, 3.84 km SE Albert Mountain, along FR 421-2",35.02662797,-83.448765,1143.011841,adult,ectoparasite,,ectoparasite; endoparasite,1
,,,,,,,,,,,,,
33466900,UNCG:Mamm:1533,Blarina brevicauda,United States,North Carolina,"Nantahala National Forest, Coweeta Hydrological Laboratory, 3.84 km SE Albert Mountain, along FR 421-2",35.02627803,-83.44874698,1167.513794,adult,ectoparasite; endoparasite,ectoparasite; endoparasite,,1
33704093,UNCG:Mamm:2253,Peromyscus maniculatus,United States,North Carolina,"Nantahala National Forest, Coweeta Hydrological Laboratory, 3.84 km SE Albert Mountain, along FR 421-2",35.02627803,-83.44874698,1167.513794,adult,ectoparasite,,ectoparasite; endoparasite,1
,,,,,,,,,,,,,
,,,,,,,,,,,,,
,,,,,,,,,,,,,
33466429,UNCG:Mamm:1580,Peromyscus maniculatus,United States,North Carolina,"Nantahala National Forest, Coweeta Hydrological Laboratory, 2.72 km ESE Albert Mountain, along Ball Creek Road",35.02627099,-83.448736,1137.371338,subadult,ectoparasite,ectoparasite,endoparasite,1
33466122,UNCG:Mamm:990,Ochrotomys nuttalli,United States,North Carolina,"Nantahala National Forest, Coweeta Hydrological Laboratory, 2.57 km ENE Albert Mountain, along FR 751",35.05998996,-83.44873298,779.594299,adult,ectoparasite,,ectoparasite; endoparasite,1
33466607,UNCG:Mamm:1589,Blarina brevicauda,United States,North Carolina,"Nantahala National Forest, Coweeta Hydrological Laboratory, 3.84 km SE Albert Mountain, along FR 421-2",35.02624299,-83.448707,996.669922,adult,ectoparasite; endoparasite,ectoparasite; endoparasite,,1
,,,,,,,,,,,,,
,,,,,,,,,,,,,
33704478,UNCG:Mamm:2249,Peromyscus maniculatus,United States,North Carolina,"Nantahala National Forest, Coweeta Hydrological Laboratory, 2.72 km ESE Albert Mountain, along Ball Creek Road",35.02636797,-83.44863801,975.57605,adult,ectoparasite,ectoparasite,endoparasite,1
33611320,UNCG:Mamm:3467,Peromyscus maniculatus,United States,North Carolina,"Nantahala National Forest, Coweeta Hydrological Laboratory, 3.84 km SE Albert Mountain, along FR 421-2",35.026748,-83.448621,1180.577759,subadult,,,ectoparasite; endoparasite,1
33466603,UNCG:Mamm:1629,Peromyscus maniculatus,United States,North Carolina,"Nantahala National Forest, Coweeta Hydrological Laboratory, 3.84 km SE Albert Mountain, along FR 421-2",35.02636403,-83.44861899,708.021484,subadult,ectoparasite,ectoparasite,endoparasite,1
33610880,UNCG:Mamm:2179,Peromyscus maniculatus,United States,North Carolina,"Nantahala National Forest, Coweeta Hydrological Laboratory, 2.57 km ENE Albert Mountain, along FR 751",35.05959802,-83.44861496,796.609924,adult,ectoparasite,,ectoparasite; endoparasite,1
33466535,UNCG:Mamm:1573,Microtus pennsylvanicus,United States,North Carolina,"Nantahala National Forest, Coweeta Hydrological Laboratory, 2.57 km ENE Albert Mountain, along FR 751",35.05988996,-83.44861002,814.341614,subadult,ectoparasite,ectoparasite,endoparasite,1
,,,,,,,,,,,,,
33466664,UNCG:Mamm:1630,Peromyscus maniculatus,United States,North Carolina,"Nantahala National Forest, Coweeta Hydrological Laboratory, 2.72 km ESE Albert Mountain, along Ball Creek Road",35.02559901,-83.44858303,750.220764,adult,,,ectoparasite; endoparasite,1
,,,,,,,,,,,,,
,,,,,,,,,,,,,
33611310,UNCG:Mamm:3488,Peromyscus leucopus,United States,North Carolina,"Nantahala National Forest, Coweeta Hydrological Laboratory, 2.57 km ENE Albert Mountain, along FR 751",35.05967304,-83.44855101,831.872009,adult,,,ectoparasite; endoparasite,1
33467584,UNCG:Mamm:1455,Peromyscus maniculatus,United States,North Carolina,"Nantahala National Forest, Coweeta Hydrological Laboratory, 2.57 km ENE Albert Mountain, along FR 751",35.06013497,-83.44854598,818.319702,adult,ectoparasite,ectoparasite,endoparasite,1
33466285,UNCG:Mamm:1618,Peromyscus maniculatus,United States,North Carolina,"Nantahala National Forest, Coweeta Hydrological Laboratory, 3.84 km SE Albert Mountain, along FR 421-2",35.02544403,-83.44851103,708.81958,subadult,,,ectoparasite; endoparasite,1
33704188,UNCG:Mamm:2252,Peromyscus maniculatus,United States,North Carolina,"Nantahala National Forest, Coweeta Hydrological Laboratory, 3.84 km SE Albert Mountain, along FR 421-2",35.02624199,-83.44838304,726.509338,adult,ectoparasite,,ectoparasite; endoparasite,1
33465987,UNCG:Mamm:1656,Microtus pennsylvanicus,United States,North Carolina,"Nantahala National Forest, Coweeta Hydrological Laboratory, 3.84 km SE Albert Mountain, along FR 421-2",35.02655203,-83.44834699,1233.072144,subadult,ectoparasite,ectoparasite,endoparasite,1
33466314,UNCG:Mamm:1628,Peromyscus maniculatus,United States,North Carolina,"Nantahala National Forest, Coweeta Hydrological Laboratory, 3.84 km SE Albert Mountain, along FR 421-2",35.02633704,-83.44833098,706.618103,subadult,,,ectoparasite; endoparasite,1
33467608,UNCG:Mamm:1451,Peromyscus maniculatus,United States,North Carolina,"Nantahala National Forest, Coweeta Hydrological Laboratory, 2.57 km ENE Albert Mountain, along FR 751",35.05980003,-83.44830198,830.36554,adult,ectoparasite,ectoparasite,endoparasite,1
33466074,UNCG:Mamm:981,Sorex cinereus,United States,North Carolina,"Nantahala National Forest, Coweeta Hydrological Laboratory, 2.57 km ENE Albert Mountain, along FR 751",35.05997797,-83.44824096,783.611694,adult,ectoparasite; endoparasite,endoparasite,ectoparasite,1
33466731,UNCG:Mamm:1444,Blarina brevicauda,United States,North Carolina,"Nantahala National Forest, Coweeta Hydrological Laboratory, 2.57 km ENE Albert Mountain, along FR 751",35.06274099,-83.44706699,1062.332031,adult,endoparasite,endoparasite,ectoparasite,1
33611156,UNCG:Mamm:2170,Sorex fumeus,United States,North Carolina,"Nantahala National Forest, Coweeta Hydrological Laboratory, 2.57 km ENE Albert Mountain, along FR 751",35.04997803,-83.43843799,764.224365,adult,ectoparasite; endoparasite,ectoparasite; endoparasite,,1
33465889,UNCG:Mamm:1000,Peromyscus maniculatus,United States,North Carolina,"Nantahala National Forest, Coweeta Hydrological Laboratory, 4.18 km ENE Albert Mountain, along FR 751",35.06319797,-83.438052,720.523804,adult,,,ectoparasite; endoparasite,1
33466146,UNCG:Mamm:1442,Sorex cinereus,United States,North Carolina,"Nantahala National Forest, Coweeta Hydrological Laboratory, 3.38 km E Albert Mountain, along Ball Creek Road",35.05218901,-83.43679799,704.800415,adult,endoparasite,endoparasite,ectoparasite,1
33466247,UNCG:Mamm:1429,Blarina brevicauda,United States,North Carolina,"Nantahala National Forest, Coweeta Hydrological Laboratory, 3.38 km E Albert Mountain, along Ball Creek Road",35.05225598,-83.43679799,747.521057,adult,endoparasite,endoparasite,ectoparasite,1
33466165,UNCG:Mamm:998,Sorex cinereus,United States,North Carolina,"Nantahala National Forest, Coweeta Hydrological Laboratory, 3.38 km E Albert Mountain, along Ball Creek Road",35.05215397,-83.43673504,745.064209,adult,endoparasite,endoparasite,ectoparasite,1
33466150,UNCG:Mamm:993,Sorex cinereus,United States,North Carolina,"Nantahala National Forest, Coweeta Hydrological Laboratory, 3.38 km E Albert Mountain, along Ball Creek Road",35.05198499,-83.43652801,744.872314,adult,endoparasite,endoparasite,ectoparasite,1
33466242,UNCG:Mamm:1433,Blarina brevicauda,United States,North Carolina,"Nantahala National Forest, Coweeta Hydrological Laboratory, 3.38 km E Albert Mountain, along Ball Creek Road",35.05283098,-83.43646104,759.44928,adult,ectoparasite; endoparasite,ectoparasite; endoparasite,,1
33466142,UNCG:Mamm:1441,Sorex cinereus,United States,North Carolina,"Nantahala National Forest, Coweeta Hydrological Laboratory, 3.38 km E Albert Mountain, along Ball Creek Road",35.05193101,-83.43644201,708.544312,adult,endoparasite,endoparasite,ectoparasite,1
33466128,UNCG:Mamm:1585,Sorex fumeus,United States,North Carolina,"Nantahala National Forest, Coweeta Hydrological Laboratory, 2.57 km ENE Albert Mountain, along FR 751",35.052993,-83.43639096,751.200012,adult,ectoparasite; endoparasite,ectoparasite; endoparasite,,1
33467642,UNCG:Mamm:1634,Sorex fumeus,United States,North Carolina,"Nantahala National Forest, Coweeta Hydrological Laboratory, 3.38 km E Albert Mountain, along Ball Creek Road",35.053224,-83.43631804,746.848083,adult,ectoparasite; endoparasite,ectoparasite; endoparasite,,1
33610779,UNCG:Mamm:2213,Ochrotomys nuttalli,United States,North Carolina,"Nantahala National Forest, Coweeta Hydrological Laboratory, 3.38 km E Albert Mountain, along Ball Creek Road",35.053224,-83.43631804,746.848083,adult,ectoparasite,,ectoparasite; endoparasite,1
33611431,UNCG:Mamm:2171,Peromyscus leucopus,United States,North Carolina,"Nantahala National Forest, Coweeta Hydrological Laboratory, 3.38 km E Albert Mountain, along Ball Creek Road",35.053224,-83.43631804,746.848083,adult,ectoparasite,ectoparasite,endoparasite,1
33467647,UNCG:Mamm:1649,Blarina brevicauda,United States,North Carolina,"Nantahala National Forest, Coweeta Hydrological Laboratory, 3.38 km E Albert Mountain, along Ball Creek Road",35.05275797,-83.43630203,707.078064,adult,ectoparasite; endoparasite,ectoparasite; endoparasite,,1
33611371,UNCG:Mamm:2134,Sorex fumeus,United States,North Carolina,"Nantahala National Forest, Coweeta Hydrological Laboratory, 3.38 km E Albert Mountain, along Ball Creek Road",35.05269402,-83.43627303,726.407104,adult,ectoparasite; endoparasite,ectoparasite; endoparasite,,1
33466160,UNCG:Mamm:999,Sorex cinereus,United States,North Carolina,"Nantahala National Forest, Coweeta Hydrological Laboratory, 3.38 km E Albert Mountain, along Ball Creek Road",35.05280097,-83.43623498,723.273315,adult,endoparasite,endoparasite,ectoparasite,1
33467636,UNCG:Mamm:1456,Blarina brevicauda,United States,North Carolina,"Nantahala National Forest, Coweeta Hydrological Laboratory, 3.38 km E Albert Mountain, along Ball Creek Road",35.05198801,-83.43623296,747.346375,adult,ectoparasite; endoparasite,ectoparasite; endoparasite,,1
33466138,UNCG:Mamm:988,Sorex fumeus,United States,North Carolina,"Nantahala National Forest, Coweeta Hydrological Laboratory, 3.38 km E Albert Mountain, along Ball Creek Road",35.05204501,-83.43621201,698.698059,adult,ectoparasite; endoparasite,ectoparasite; endoparasite,,1
33466751,UNCG:Mamm:1457,Peromyscus maniculatus,United States,North Carolina,"Nantahala National Forest, Coweeta Hydrological Laboratory, 3.38 km E Albert Mountain, along Ball Creek Road",35.05274003,-83.43617404,698.674133,adult,ectoparasite,,ectoparasite; endoparasite,1
33467629,UNCG:Mamm:1454,Peromyscus,United States,North Carolina,"Nantahala National Forest, Coweeta Hydrological Laboratory, 3.38 km E Albert Mountain, along Ball Creek Road",35.05278102,-83.43617002,700.102966,adult,ectoparasite,ectoparasite,endoparasite,1
33466064,UNCG:Mamm:1667,Sorex cinereus,United States,North Carolina,"Nantahala National Forest, Coweeta Hydrological Laboratory, 3.38 km E Albert Mountain, along Ball Creek Road",35.052965,-83.43608201,712.055481,adult,ectoparasite; endoparasite,endoparasite,ectoparasite,1
33465851,UNCG:Mamm:983,Sorex cinereus,United States,North Carolina,"Nantahala National Forest, Coweeta Hydrological Laboratory, 3.38 km E Albert Mountain, along Ball Creek Road",35.05318897,-83.43604999,585.82019,adult,ectoparasite; endoparasite,endoparasite,ectoparasite,1
33466155,UNCG:Mamm:992,Sorex cinereus,United States,North Carolina,"Nantahala National Forest, Coweeta Hydrological Laboratory, 3.38 km E Albert Mountain, along Ball Creek Road",35.05288001,-83.43593197,722.499207,adult,endoparasite,endoparasite,ectoparasite,1
33466524,UNCG:Mamm:1572,Microtus pinetorum,United States,North Carolina,"Nantahala National Forest, Coweeta Hydrological Laboratory, 3.38 km E Albert Mountain, along Ball Creek Road",35.05285403,-83.43581001,693.245422,adult,ectoparasite,ectoparasite,endoparasite,1
33466571,UNCG:Mamm:1612,Peromyscus,United States,North Carolina,"Nantahala National Forest, Coweeta Hydrological Laboratory, 3.38 km E Albert Mountain, along Ball Creek Road",35.05305503,-83.43576198,725.692444,juvenile,ectoparasite,ectoparasite,endoparasite,1
33466611,UNCG:Mamm:1587,Blarina brevicauda,United States,North Carolina,"Nantahala National Forest, Coweeta Hydrological Laboratory, 3.38 km E Albert Mountain, along Ball Creek Road",35.05331998,-83.43573399,708.620483,adult,ectoparasite; endoparasite,ectoparasite; endoparasite,,1
33466802,UNCG:Mamm:995,Sorex fumeus,United States,North Carolina,"Nantahala National Forest, Coweeta Hydrological Laboratory, 3.38 km E Albert Mountain, along Ball Creek Road",35.05336097,-83.43564103,710.690002,adult,endoparasite,endoparasite,ectoparasite,1
33466797,UNCG:Mamm:1652,Microtus pinetorum,United States,North Carolina,"Nantahala National Forest, Coweeta Hydrological Laboratory, 3.38 km E Albert Mountain, along Ball Creek Road",35.05298202,-83.43561203,712.179871,adult,ectoparasite,ectoparasite,endoparasite,1
33466792,UNCG:Mamm:1639,Sorex fumeus,United States,North Carolina,"Nantahala National Forest, Coweeta Hydrological Laboratory, 3.38 km E Albert Mountain, along Ball Creek Road",35.05318101,-83.43558496,698.303101,subadult,ectoparasite; endoparasite,ectoparasite; endoparasite,,1
33467001,UNCG:Mamm:1565,Sorex fumeus,United States,North Carolina,"Nantahala National Forest, Coweeta Hydrological Laboratory, 3.38 km E Albert Mountain, along Ball Creek Road",35.05336499,-83.43556903,714.787231,adult,ectoparasite; endoparasite,ectoparasite; endoparasite,,1
33466059,UNCG:Mamm:1636,Sorex cinereus,United States,North Carolina,"Nantahala National Forest, Coweeta Hydrological Laboratory, 3.38 km E Albert Mountain, along Ball Creek Road",35.05319903,-83.43554699,740.392151,adult,ectoparasite; endoparasite,ectoparasite; endoparasite,,1
33466106,UNCG:Mamm:1552,Sorex cinereus,United States,North Carolina,"Nantahala National Forest, Coweeta Hydrological Laboratory, 3.38 km E Albert Mountain, along Ball Creek Road",35.053267,-83.435534,704.371338,subadult,ectoparasite; endoparasite,endoparasite,ectoparasite,1
33465953,UNCG:Mamm:1430,Blarina brevicauda,United States,North Carolina,"Nantahala National Forest, Coweeta Hydrological Laboratory, 3.38 km E Albert Mountain, along Ball Creek Road",35.05324303,-83.43550902,714.417908,adult,endoparasite,endoparasite,ectoparasite,1
33466097,UNCG:Mamm:1666,Sorex hoyi,United States,North Carolina,"Nantahala National Forest, Coweeta Hydrological Laboratory, 3.38 km E Albert Mountain, along Ball Creek Road",35.05331897,-83.43539402,707.133057,adult,ectoparasite; endoparasite,endoparasite,ectoparasite,1
33466196,UNCG:Mamm:991,Peromyscus maniculatus,United States,North Carolina,"Nantahala National Forest, Coweeta Hydrological Laboratory, 3.38 km E Albert Mountain, along Ball Creek Road",35.05329601,-83.43538899,718.052002,subadult,,,ectoparasite; endoparasite,1
33465931,UNCG:Mamm:997,Peromyscus maniculatus,United States,North Carolina,"Nantahala National Forest, Coweeta Hydrological Laboratory, 3.38 km E Albert Mountain, along Ball Creek Road",35.05335803,-83.43538203,722.199402,subadult,,,ectoparasite; endoparasite,1
33704337,UNCG:Mamm:2259,Blarina brevicauda,United States,North Carolina,"Nantahala National Forest, Coweeta Hydrological Laboratory, 3.38 km E Albert Mountain, along Ball Creek Road",35.05323197,-83.43534498,745.51532,adult,ectoparasite; endoparasite,ectoparasite; endoparasite,,1
33465855,UNCG:Mamm:984,Sorex cinereus,United States,North Carolina,"Nantahala National Forest, Coweeta Hydrological Laboratory, 3.38 km E Albert Mountain, along Ball Creek Road",35.05341603,-83.43532998,722.358826,adult,ectoparasite; endoparasite,ectoparasite; endoparasite,,1
33466807,UNCG:Mamm:989,Sorex fumeus,United States,North Carolina,"Nantahala National Forest, Coweeta Hydrological Laboratory, 3.38 km E Albert Mountain, along Ball Creek Road",35.05340002,-83.43532001,725.719727,adult,ectoparasite; endoparasite,endoparasite,ectoparasite,1
33465839,UNCG:Mamm:1660,Sorex cinereus,United States,North Carolina,"Nantahala National Forest, Coweeta Hydrological Laboratory, 3.38 km E Albert Mountain, along Ball Creek Road",35.05330296,-83.43523501,700.691345,adult,ectoparasite; endoparasite,ectoparasite; endoparasite,,1
33466204,UNCG:Mamm:986,Blarina brevicauda,United States,North Carolina,"Nantahala National Forest, Coweeta Hydrological Laboratory, 4.18 km ENE Albert Mountain, along FR 751",35.06197496,-83.43398703,718.707825,adult,ectoparasite; endoparasite,ectoparasite; endoparasite,,1
33467109,UNCG:Mamm:1463,Rattus norvegicus,United States,North Carolina,"Nantahala National Forest, Coweeta Hydrological Laboratory, 4.18 km ENE Albert Mountain, along FR 751",35.06197496,-83.43398703,718.707825,subadult,ectoparasite,ectoparasite,endoparasite,1
33466478,UNCG:Mamm:1426,Blarina brevicauda,United States,North Carolina,"Nantahala National Forest, Coweeta Hydrological Laboratory, 4.18 km ENE Albert Mountain, along FR 751",35.06165603,-83.43387497,693.616577,adult,endoparasite,endoparasite,ectoparasite,1
33466170,UNCG:Mamm:996,Sorex cinereus,United States,North Carolina,"Nantahala National Forest, Coweeta Hydrological Laboratory, 4.18 km ENE Albert Mountain, along FR 751",35.06170297,-83.43364396,694.394653,adult,endoparasite,endoparasite,ectoparasite,1
33466736,UNCG:Mamm:1452,Ochrotomys nuttalli,United States,North Carolina,"Nantahala National Forest, Coweeta Hydrological Laboratory, 2.57 km ENE Albert Mountain, along FR 751",35.06151798,-83.43363902,716.866211,adult,ectoparasite,ectoparasite,endoparasite,1
33466758,UNCG:Mamm:1650,Blarina brevicauda,United States,North Carolina,"Nantahala National Forest, Coweeta Hydrological Laboratory, 4.18 km ENE Albert Mountain, along FR 751",35.06147901,-83.43351999,707.452148,adult,ectoparasite; endoparasite,ectoparasite; endoparasite,,1
33467591,UNCG:Mamm:1449,Rattus norvegicus,United States,North Carolina,"Nantahala National Forest, Coweeta Hydrological Laboratory, 4.18 km ENE Albert Mountain, along FR 751",35.06142503,-83.43343399,744.662415,adult,ectoparasite,ectoparasite,endoparasite,1
33466299,UNCG:Mamm:1553,Peromyscus maniculatus,United States,North Carolina,"Nantahala National Forest, Coweeta Hydrological Laboratory, 4.51 km ENE Albert Mountain, along Ball Creek Road",35.06105999,-83.43042498,697.90094,adult,ectoparasite,ectoparasite,endoparasite,1
33466546,UNCG:Mamm:1542,Neotoma floridana,United States,North Carolina,"Nantahala National Forest, Coweeta Hydrological Laboratory, 4.51 km ENE Albert Mountain, along Ball Creek Road",35.06105999,-83.43042498,697.90094,adult,ectoparasite,ectoparasite,endoparasite,1
33704219,UNCG:Mamm:2263,Ochrotomys nuttalli,United States,North Carolina,"Nantahala National Forest, Coweeta Hydrological Laboratory, 4.51 km ENE Albert Mountain, along Ball Creek Road",35.06105999,-83.43042498,697.90094,adult,ectoparasite,,ectoparasite; endoparasite,1
,,,,,,,,,,,,,
,,,,,,,,,,,,,
,,,,,,,,,,,,,
,,,,,,,,,,,,,
,,,,,,,,,,,,,
,,,,,,,,,,,,,
,,,,,,,,,,,,,
33704233,UNCG:Mamm:2227,Napaeozapus insignis,United States,North Carolina,"Nantahala National Forest, Coweeta Hydrological Laboratory, 2.72 km ESE Albert Mountain, along Ball Creek Road",35.06112898,-83.43040704,719.947815,adult,ectoparasite,ectoparasite,endoparasite,1
33466278,UNCG:Mamm:1625,Peromyscus maniculatus,United States,North Carolina,"Nantahala National Forest, Coweeta Hydrological Laboratory, 3.84 km SE Albert Mountain, along FR 421-2",35.06125404,-83.4304,1113.372559,subadult,,,ectoparasite; endoparasite,1
,,,,,,,,,,,,,
33705295,UNCG:Mamm:2261,Blarina brevicauda,United States,North Carolina,"Nantahala National Forest, Coweeta Hydrological Laboratory, 3.84 km SE Albert Mountain, along FR 421-2",35.06103401,-83.43029003,1208.815063,adult,ectoparasite; endoparasite,ectoparasite; endoparasite,,1
33466618,UNCG:Mamm:1564,Peromyscus maniculatus,United States,North Carolina,"Nantahala National Forest, Coweeta Hydrological Laboratory, 3.84 km SE Albert Mountain, along FR 421-2",35.06124004,-83.43023596,1125.373657,adult,ectoparasite,ectoparasite,endoparasite,1
33704204,UNCG:Mamm:2276,Peromyscus maniculatus,United States,North Carolina,"Nantahala National Forest, Coweeta Hydrological Laboratory, 4.51 km ENE Albert Mountain, along Ball Creek Road",35.06070703,-83.43020797,690.592224,adult,ectoparasite,ectoparasite,endoparasite,1
,,,,,,,,,,,,,
,,,,,,,,,,,,,
33704360,UNCG:Mamm:3504,Peromyscus maniculatus,United States,North Carolina,"Nantahala National Forest, Coweeta Hydrological Laboratory, 2.72 km ESE Albert Mountain, along Ball Creek Road",35.076276,-83.43020503,832.172729,subadult,,,ectoparasite; endoparasite,1
,,,,,,,,,,,,,
33611161,UNCG:Mamm:2193,Peromyscus maniculatus,United States,North Carolina,"Nantahala National Forest, Coweeta Hydrological Laboratory, 2.72 km ESE Albert Mountain, along Ball Creek Road",35.06117298,-83.43019699,917.031616,adult,ectoparasite,ectoparasite,endoparasite,1
33466114,UNCG:Mamm:1560,Sorex fumeus,United States,North Carolina,"Nantahala National Forest, Coweeta Hydrological Laboratory, 2.57 km ENE Albert Mountain, along FR 751",35.06115303,-83.43017997,746.905701,adult,ectoparasite; endoparasite,endoparasite,ectoparasite,1
33467622,UNCG:Mamm:1459,Peromyscus maniculatus,United States,North Carolina,"Nantahala National Forest, Coweeta Hydrological Laboratory, 2.57 km ENE Albert Mountain, along FR 751",35.06120802,-83.43017796,797.878052,adult,ectoparasite,ectoparasite,endoparasite,1
33704342,UNCG:Mamm:2273,Blarina brevicauda,United States,North Carolina,"Nantahala National Forest, Coweeta Hydrological Laboratory, 4.51 km ENE Albert Mountain, along Ball Creek Road",35.060342,-83.43009196,693.061157,subadult,ectoparasite; endoparasite,ectoparasite; endoparasite,,1
33610995,UNCG:Mamm:3487,Peromyscus leucopus,United States,North Carolina,"Nantahala National Forest, Coweeta Hydrological Laboratory, 4.51 km ENE Albert Mountain, along Ball Creek Road",35.06030596,-83.43006698,692.494446,adult,,,ectoparasite; endoparasite,1
33611066,UNCG:Mamm:2180,Peromyscus maniculatus,United States,North Carolina,"Nantahala National Forest, Coweeta Hydrological Laboratory, 4.51 km ENE Albert Mountain, along Ball Creek Road",35.06022298,-83.42999901,723.073364,adult,ectoparasite,ectoparasite,endoparasite,1
33465961,UNCG:Mamm:1427,Blarina brevicauda,United States,North Carolina,"Nantahala National Forest, Coweeta Hydrological Laboratory, 2.57 km ENE Albert Mountain, along FR 751",35.06074098,-83.42996598,691.132385,adult,endoparasite,endoparasite,ectoparasite,1
33610997,UNCG:Mamm:3490,Peromyscus maniculatus,United States,North Carolina,"Nantahala National Forest, Coweeta Hydrological Laboratory, 4.51 km ENE Albert Mountain, along Ball Creek Road",35.06023798,-83.429912,695.84137,adult,,,ectoparasite; endoparasite,1
33704226,UNCG:Mamm:2262,Ochrotomys nuttalli,United States,North Carolina,"Nantahala National Forest, Coweeta Hydrological Laboratory, 4.51 km ENE Albert Mountain, along Ball Creek Road",35.06027101,-83.42984696,682.897583,adult,ectoparasite,,ectoparasite; endoparasite,1
33610820,UNCG:Mamm:2189,Sigmodon hispidus,United States,North Carolina,"Nantahala National Forest, Coweeta Hydrological Laboratory, 4.51 km ENE Albert Mountain, along Ball Creek Road",35.06019004,-83.42980999,691.084717,adult,ectoparasite,ectoparasite,endoparasite,1
33467577,UNCG:Mamm:1462,Peromyscus,United States,North Carolina,"Nantahala National Forest, Coweeta Hydrological Laboratory, 4.51 km ENE Albert Mountain, along Ball Creek Road",35.06019096,-83.42965996,691.044006,adult,ectoparasite,ectoparasite,endoparasite,1
33466563,UNCG:Mamm:3267,Peromyscus,United States,North Carolina,"Nantahala National Forest, Coweeta Hydrological Laboratory, 4.51 km ENE Albert Mountain, along Ball Creek Road",35.06019297,-83.42961403,671.497742,juvenile,,,ectoparasite; endoparasite,1
33704212,UNCG:Mamm:2272,Rattus norvegicus,United States,North Carolina,"Nantahala National Forest, Coweeta Hydrological Laboratory, 4.51 km ENE Albert Mountain, along Ball Creek Road",35.06027302,-83.42955996,695.88446,adult,ectoparasite,ectoparasite,endoparasite,1
33611324,UNCG:Mamm:3475,Peromyscus leucopus,United States,North Carolina,"Nantahala National Forest, Coweeta Hydrological Laboratory, 3.84 km SE Albert Mountain, along FR 421-2",35.06026296,-83.42947204,1143.341309,subadult,,,ectoparasite; endoparasite,1
33704486,UNCG:Mamm:2274,Ochrotomys nuttalli,United States,North Carolina,"Nantahala National Forest, Coweeta Hydrological Laboratory, 4.51 km ENE Albert Mountain, along Ball Creek Road",35.06032297,-83.42944597,693.432983,adult,ectoparasite,ectoparasite,endoparasite,1
33611304,UNCG:Mamm:3481,Peromyscus,United States,North Carolina,"Nantahala National Forest, Coweeta Hydrological Laboratory, 4.51 km ENE Albert Mountain, along Ball Creek Road",35.06015902,-83.42944102,687.201477,adult,,,ectoparasite; endoparasite,1
33611358,UNCG:Mamm:2200,Peromyscus maniculatus,United States,North Carolina,"Nantahala National Forest, Coweeta Hydrological Laboratory, 4.51 km ENE Albert Mountain, along Ball Creek Road",35.06011996,-83.42943599,688.630127,adult,ectoparasite,ectoparasite,endoparasite,1
33611074,UNCG:Mamm:2191,Peromyscus maniculatus,United States,North Carolina,"Nantahala National Forest, Coweeta Hydrological Laboratory, 4.51 km ENE Albert Mountain, along Ball Creek Road",35.06019196,-83.42941797,689.943176,adult,ectoparasite,,ectoparasite; endoparasite,1
33611013,UNCG:Mamm:2130,Neotoma floridana,United States,North Carolina,"Nantahala National Forest, Coweeta Hydrological Laboratory, 4.51 km ENE Albert Mountain, along Ball Creek Road",35.06016296,-83.42941403,692.557617,adult,ectoparasite,ectoparasite,endoparasite,1
33466189,UNCG:Mamm:1435,Peromyscus leucopus,United States,North Carolina,"Nantahala National Forest, Coweeta Hydrological Laboratory, 4.51 km ENE Albert Mountain, along Ball Creek Road",35.060212,-83.42934396,633.159241,adult,ectoparasite,ectoparasite,endoparasite,1
33467546,UNCG:Mamm:1448,Peromyscus,United States,North Carolina,"Nantahala National Forest, Coweeta Hydrological Laboratory, 4.51 km ENE Albert Mountain, along Ball Creek Road",35.06015601,-83.42932502,710.088806,adult,ectoparasite,ectoparasite,endoparasite,1
33465911,UNCG:Mamm:1438,Peromyscus,United States,North Carolina,"Nantahala National Forest, Coweeta Hydrological Laboratory, 4.51 km ENE Albert Mountain, along Ball Creek Road",35.06085799,-83.42924204,694.678467,adult,ectoparasite,,ectoparasite; endoparasite,1
33467615,UNCG:Mamm:1450,Peromyscus,United States,North Carolina,"Nantahala National Forest, Coweeta Hydrological Laboratory, 4.51 km ENE Albert Mountain, along Ball Creek Road",35.06011602,-83.429135,712.072876,adult,ectoparasite,,ectoparasite; endoparasite,1
33466342,UNCG:Mamm:1579,Peromyscus,United States,North Carolina,"Nantahala National Forest, Coweeta Hydrological Laboratory, 4.51 km ENE Albert Mountain, along Ball Creek Road",35.06059002,-83.429107,702.171631,adult,ectoparasite,ectoparasite,endoparasite,1
33465918,UNCG:Mamm:1437,Peromyscus leucopus,United States,North Carolina,"Nantahala National Forest, Coweeta Hydrological Laboratory, 4.51 km ENE Albert Mountain, along Ball Creek Road",35.06080401,-83.42909896,682.502502,adult,ectoparasite,,ectoparasite; endoparasite,1
33375696,UNCG:Mamm:1601,Peromyscus maniculatus,United States,North Carolina,"Nantahala National Forest, 1.77 km SW of Keene Mountain, along FR 57A",35.07939801,-83.25134704,1006.466797,juvenile,,,ectoparasite; endoparasite,1
33375702,UNCG:Mamm:1603,Peromyscus maniculatus,United States,North Carolina,"Nantahala National Forest, 1.77 km SW of Keene Mountain, along FR 57A",35.07940597,-83.25133396,1009.073486,adult,,,ectoparasite; endoparasite,1
33375705,UNCG:Mamm:1604,Peromyscus,United States,North Carolina,"Nantahala National Forest, 1.77 km SW of Keene Mountain, along FR 57A",35.08074598,-83.25131502,1021.48822,adult,ectoparasite,ectoparasite: flea,endoparasite,1
33375713,UNCG:Mamm:1600,Peromyscus maniculatus,United States,North Carolina,"Nantahala National Forest, 1.77 km SW of Keene Mountain, along FR 57A",35.07911604,-83.25123698,1005.123535,juvenile,,,ectoparasite; endoparasite,1
33375709,UNCG:Mamm:1605,Peromyscus,United States,North Carolina,"Nantahala National Forest, 1.77 km SW of Keene Mountain, along FR 57A",35.080346,-83.25093498,1024.412476,adult,ectoparasite,ectoparasite: flea,endoparasite,1
33375719,UNCG:Mamm:1599,Microtus pinetorum,United States,North Carolina,"Nantahala National Forest, 1.77 km SW of Keene Mountain, along FR 57A",35.07969397,-83.25078403,1004.473083,subadult,,,ectoparasite; endoparasite,1
33375699,UNCG:Mamm:1602,Peromyscus maniculatus,United States,North Carolina,"Nantahala National Forest, 1.77 km SW of Keene Mountain, along FR 57A",35.08010703,-83.25049804,1069.358643,subadult,,,ectoparasite; endoparasite,1
33375716,UNCG:Mamm:1597,Sorex fumeus,United States,North Carolina,"Nantahala National Forest, 1.77 km SW of Keene Mountain, along FR 57A",35.07990796,-83.25043299,1071.052124,adult,,,ectoparasite; endoparasite,1
33375722,UNCG:Mamm:1606,Sorex fumeus,United States,North Carolina,"Nantahala National Forest, 1.77 km SW of Keene Mountain, along FR 57A",35.08035002,-83.25022596,1002.820923,adult,,,ectoparasite; endoparasite,1
33375693,UNCG:Mamm:1598,Sorex fumeus,United States,North Carolina,"Nantahala National Forest, 1.77 km SW of Keene Mountain, along FR 57A",35.08029898,-83.25009696,1023.641785,adult,,,ectoparasite; endoparasite,1
30010730,UNCG:Mamm:401,Peromyscus maniculatus,United States,North Carolina,"Nantahala National Forest, 1.12 km E of Bryson Knob, along State Road 1756",35.26765002,-82.98172703,1109.950073,adult,endoparasite,,ectoparasite; endoparasite,1
29872465,UNCG:Mamm:339,Peromyscus maniculatus,United States,North Carolina,"Nantahala National Forest, 1.12 km E of Bryson Knob, along State Road 1756",35.26768497,-82.98165897,1140.058228,adult,ectoparasite; endoparasite,ectoparasite,endoparasite,1
30010762,UNCG:Mamm:399,Peromyscus maniculatus,United States,North Carolina,"Nantahala National Forest, 1.12 km E of Bryson Knob, along State Road 1756",35.26761398,-82.98141397,1116.222534,adult,endoparasite,,ectoparasite; endoparasite,1
30034205,UNCG:Mamm:424,Peromyscus maniculatus,United States,North Carolina,"Nantahala National Forest, 1.12 km E of Bryson Knob, along State Road 1756",35.26775203,-82.98137097,1133.387451,adult,endoparasite,ectoparasite,endoparasite,1
29842198,UNCG:Mamm:156,Peromyscus maniculatus,United States,North Carolina,"Nantahala National Forest, 1.12 km E of Bryson Knob, along State Road 1756",35.26759403,-82.981333,1103.986572,adult,endoparasite,,ectoparasite; endoparasite,1
29847723,UNCG:Mamm:327,Peromyscus maniculatus,United States,North Carolina,"Nantahala National Forest, 1.12 km E of Bryson Knob, along State Road 1756",35.26768003,-82.98131003,1124.026123,adult,ectoparasite; endoparasite,ectoparasite,endoparasite,1
30010720,UNCG:Mamm:390,Peromyscus maniculatus,United States,North Carolina,"Nantahala National Forest, 1.12 km E of Bryson Knob, along State Road 1756",35.26774499,-82.98129201,1149.071289,adult,ectoparasite; endoparasite,,ectoparasite; endoparasite,1
29842165,UNCG:Mamm:148,Peromyscus maniculatus,United States,North Carolina,"Nantahala National Forest, 1.12 km E of Bryson Knob, along State Road 1756",35.26730703,-82.98129,1122.397461,adult,endoparasite,endoparasite,ectoparasite,1
29842161,UNCG:Mamm:149,Peromyscus maniculatus,United States,North Carolina,"Nantahala National Forest, 1.12 km E of Bryson Knob, along State Road 1756",35.26735104,-82.98126996,1122.410645,adult,endoparasite,,ectoparasite; endoparasite,1
30010754,UNCG:Mamm:400,Peromyscus maniculatus,United States,North Carolina,"Nantahala National Forest, 1.12 km E of Bryson Knob, along State Road 1756",35.26755698,-82.98102999,1146.594971,adult,endoparasite,,ectoparasite; endoparasite,1
30010734,UNCG:Mamm:389,Peromyscus leucopus,United States,North Carolina,"Nantahala National Forest, 1.12 km E of Bryson Knob, along State Road 1756",35.26739504,-82.98095296,1127.34375,adult,ectoparasite; endoparasite,,ectoparasite; endoparasite,1
29847727,UNCG:Mamm:330,Peromyscus leucopus,United States,North Carolina,"Nantahala National Forest, 1.12 km E of Bryson Knob, along State Road 1756",35.26752798,-82.980917,1108.474243,adult,ectoparasite; endoparasite,ectoparasite,endoparasite,1
30010758,UNCG:Mamm:388,Peromyscus maniculatus,United States,North Carolina,"Nantahala National Forest, 1.12 km E of Bryson Knob, along State Road 1756",35.26753603,-82.98091097,1160.472168,adult,ectoparasite; endoparasite,ectoparasite,endoparasite,1
29842117,UNCG:Mamm:146,Peromyscus maniculatus,United States,North Carolina,"Nantahala National Forest, 1.12 km E of Bryson Knob, along State Road 1756",35.267517,-82.98074501,1147.700806,adult,endoparasite,,ectoparasite; endoparasite,1
29842129,UNCG:Mamm:147,Peromyscus maniculatus,United States,North Carolina,"Nantahala National Forest, 1.12 km E of Bryson Knob, along State Road 1756",35.267288,-82.98066404,1125.0271,adult,endoparasite,,ectoparasite; endoparasite,1
29846699,UNCG:Mamm:184,Peromyscus maniculatus,United States,North Carolina,"Nantahala National Forest, 1.12 km E of Bryson Knob, along State Road 1756",35.26728599,-82.98063998,1139.785889,adult,endoparasite,,ectoparasite; endoparasite,1
30010766,UNCG:Mamm:381,Napaeozapus insignis,United States,North Carolina,"Pisgah National Forest, 0.64 km N of Bruce Knob, along NC Highway 215",35.26777399,-82.98061299,1133.917114,adult,ectoparasite; endoparasite,ectoparasite,endoparasite,1
30010770,UNCG:Mamm:383,Peromyscus maniculatus,United States,North Carolina,"Pisgah National Forest, 0.64 km N of Bruce Knob, along NC Highway 215",35.26777399,-82.98061299,1153.684326,adult,ectoparasite; endoparasite,,ectoparasite; endoparasite,1
30010712,UNCG:Mamm:386,Peromyscus maniculatus,United States,North Carolina,"Nantahala National Forest, 1.12 km E of Bryson Knob, along State Road 1756",35.267373,-82.98056697,1131.344604,adult,ectoparasite; endoparasite,,ectoparasite; endoparasite,1
29847649,UNCG:Mamm:197,Peromyscus maniculatus,United States,North Carolina,"Nantahala National Forest, 0.2 km SE of Camp Mountain, along State Road 1756",35.27764997,-82.97437501,1120.484131,adult,endoparasite,,ectoparasite; endoparasite,1
29847645,UNCG:Mamm:194,Peromyscus maniculatus,United States,North Carolina,"Nantahala National Forest, 0.2 km SE of Camp Mountain, along State Road 1756",35.27773202,-82.97413898,1112.597046,adult,endoparasite,ectoparasite,endoparasite,1
29847641,UNCG:Mamm:193,Peromyscus maniculatus,United States,North Carolina,"Nantahala National Forest, 0.2 km SE of Camp Mountain, along State Road 1756",35.277628,-82.97404502,1095.187622,adult,endoparasite,,ectoparasite; endoparasite,1
29847681,UNCG:Mamm:258,Sorex fumeus,United States,North Carolina,"Nantahala National Forest, 0.2 km SE of Camp Mountain, along State Road 1756",35.27735501,-82.97362098,1113.252319,adult,endoparasite,,ectoparasite; endoparasite,1
29847661,UNCG:Mamm:198,Peromyscus maniculatus,United States,North Carolina,"Nantahala National Forest, 0.64 km SW of Camp Mountain, along State Road 1756",35.25951304,-82.95242004,1220.549072,adult,endoparasite,ectoparasite,endoparasite,1
29847665,UNCG:Mamm:199,Glaucomys volans,United States,North Carolina,"Nantahala National Forest, 0.64 km SW of Camp Mountain, along State Road 1756",35.25951304,-82.95242004,1220.549072,adult,endoparasite,ectoparasite,endoparasite,1
29847689,UNCG:Mamm:260,Peromyscus maniculatus,United States,North Carolina,"Nantahala National Forest, 0.64 km SW of Camp Mountain, along State Road 1756",35.25937096,-82.95221703,1239.275757,adult,ectoparasite; endoparasite,,ectoparasite; endoparasite,1
29872436,UNCG:Mamm:340,Peromyscus maniculatus,United States,North Carolina,"Nantahala National Forest, 0.64 km SW of Camp Mountain, along State Road 1756",35.25950499,-82.95221401,1239.671265,adult,ectoparasite; endoparasite,ectoparasite,endoparasite,1
30010738,UNCG:Mamm:384,Peromyscus maniculatus,United States,North Carolina,"Nantahala National Forest, 0.64 km SW of Camp Mountain, along State Road 1756",35.25940801,-82.95212399,1237.390015,adult,ectoparasite; endoparasite,,ectoparasite; endoparasite,1
29846703,UNCG:Mamm:185,Peromyscus maniculatus,United States,North Carolina,"Nantahala National Forest, 0.64 km SW of Camp Mountain, along State Road 1756",35.25935504,-82.95203598,1236.373413,adult,endoparasite,,ectoparasite; endoparasite,1
29846711,UNCG:Mamm:169,Peromyscus maniculatus,United States,North Carolina,"Nantahala National Forest, 0.64 km SW of Camp Mountain, along State Road 1756",35.25960398,-82.95197303,1236.926147,adult,endoparasite,,ectoparasite; endoparasite,1
29842190,UNCG:Mamm:162,Peromyscus maniculatus,United States,North Carolina,"Nantahala National Forest, 0.64 km SW of Camp Mountain, along State Road 1756",35.25889101,-82.95187002,1262.279175,adult,endoparasite,,ectoparasite; endoparasite,1
29842153,UNCG:Mamm:145,Peromyscus maniculatus,United States,North Carolina,"Nantahala National Forest, 0.64 km SW of Camp Mountain, along State Road 1756",35.25941002,-82.95180498,1340.584351,adult,endoparasite,,ectoparasite; endoparasite,1
29847653,UNCG:Mamm:195,Peromyscus maniculatus,United States,North Carolina,"Nantahala National Forest, 0.64 km SW of Camp Mountain, along State Road 1756",35.25892203,-82.95175502,1259.06604,adult,endoparasite,,ectoparasite; endoparasite,1
29847743,UNCG:Mamm:261,Myodes gapperi,United States,North Carolina,"Nantahala National Forest, 0.64 km SW of Camp Mountain, along State Road 1756",35.25888599,-82.95174496,1248.801147,adult,endoparasite,ectoparasite,endoparasite,1
29847685,UNCG:Mamm:259,Peromyscus maniculatus,United States,North Carolina,"Nantahala National Forest, 0.64 km SW of Camp Mountain, along State Road 1756",35.25940499,-82.951709,1250.766602,adult,ectoparasite; endoparasite,ectoparasite,endoparasite,1
30108810,UNCG:Mamm:435,Peromyscus maniculatus,United States,North Carolina,"Nantahala National Forest, 0.64 km SW of Camp Mountain, along State Road 1756",35.25962602,-82.95164396,1247.290039,adult,endoparasite,ectoparasite,endoparasite,1
29842194,UNCG:Mamm:163,Peromyscus maniculatus,United States,North Carolina,"Nantahala National Forest, 0.64 km SW of Camp Mountain, along State Road 1756",35.25888196,-82.95164203,1260.463135,adult,endoparasite,,ectoparasite; endoparasite,1
30010746,UNCG:Mamm:403,Peromyscus maniculatus,United States,North Carolina,"Nantahala National Forest, 0.64 km SW of Camp Mountain, along State Road 1756",35.25938798,-82.951608,1236.59375,adult,endoparasite,,ectoparasite; endoparasite,1
29847657,UNCG:Mamm:196,Peromyscus maniculatus,United States,North Carolina,"Nantahala National Forest, 0.64 km SW of Camp Mountain, along State Road 1756",35.25940399,-82.951607,1251.419922,adult,endoparasite,,ectoparasite; endoparasite,1
29847701,UNCG:Mamm:204,Peromyscus maniculatus,United States,North Carolina,"Nantahala National Forest, 0.64 km SW of Camp Mountain, along State Road 1756",35.25954598,-82.95158101,1236.764893,adult,ectoparasite,ectoparasite,,1
29847739,UNCG:Mamm:329,Peromyscus leucopus,United States,North Carolina,"Nantahala National Forest, 0.64 km SW of Camp Mountain, along State Road 1756",35.25928999,-82.95151899,1236.685059,adult,ectoparasite; endoparasite,ectoparasite,endoparasite,1
29842149,UNCG:Mamm:150,Peromyscus maniculatus,United States,North Carolina,"Nantahala National Forest, 0.64 km SW of Camp Mountain, along State Road 1756",35.25916301,-82.951492,1252.764404,adult,endoparasite,,ectoparasite; endoparasite,1
29872453,UNCG:Mamm:341,Peromyscus leucopus,United States,North Carolina,"Nantahala National Forest, 0.64 km SW of Camp Mountain, along State Road 1756",35.25867803,-82.95143299,1261.214478,adult,ectoparasite; endoparasite,ectoparasite,endoparasite,1
30010716,UNCG:Mamm:387,Peromyscus maniculatus,United States,North Carolina,"Nantahala National Forest, 0.64 km SW of Camp Mountain, along State Road 1756",35.258946,-82.95133802,1252.578125,adult,ectoparasite; endoparasite,,ectoparasite; endoparasite,1
29846707,UNCG:Mamm:186,Sorex cinereus,United States,North Carolina,"Nantahala National Forest, 0.64 km SW of Camp Mountain, along State Road 1756",35.25893996,-82.95132101,1247.140259,adult,endoparasite,,ectoparasite; endoparasite,1
29847747,UNCG:Mamm:207,Ochrotomys nuttalli,United States,North Carolina,"Nantahala National Forest, 0.64 km SW of Camp Mountain, along State Road 1756",35.25901398,-82.95131799,1255.695557,adult,ectoparasite,ectoparasite,,1
29847697,UNCG:Mamm:203,Peromyscus maniculatus,United States,North Carolina,"Nantahala National Forest, 0.64 km SW of Camp Mountain, along State Road 1756",35.25850603,-82.95131296,1267.907837,adult,ectoparasite,ectoparasite,,1
29833182,UNCG:Mamm:58,Tamias striatus,United States,North Carolina,"Pisgah National Forest, 2.7 km WSW of High Top Mountain, Sunburst Campground",35.37412399,-82.940663,1005.426147,adult,ectoparasite,ectoparasite,,1
29833230,UNCG:Mamm:131,Synaptomys cooperi,United States,North Carolina,"Cold Mountain Game Lands, 3.9 km W of peak of Cold Mountain, along Little East Fork of Pigeon River",35.37365402,-82.94036301,952.64209,adult,ectoparasite,ectoparasite,,1
29872457,UNCG:Mamm:345,Napaeozapus insignis,United States,North Carolina,"Pisgah National Forest, 3.06 km SW High Top Mountain, along NC Highway 215",35.37082999,-82.93966102,980.218262,adult,ectoparasite; endoparasite,,ectoparasite; endoparasite,1
29872461,UNCG:Mamm:344,Peromyscus maniculatus,United States,North Carolina,"Pisgah National Forest, 3.06 km SW High Top Mountain, along NC Highway 215",35.37082999,-82.93966102,940.649902,adult,ectoparasite; endoparasite,,ectoparasite; endoparasite,1
30010708,UNCG:Mamm:392,Sorex fumeus,United States,North Carolina,"Pisgah National Forest, 3.06 km SW High Top Mountain, along NC Highway 215",35.37102797,-82.93901403,1100.800903,adult,endoparasite,,ectoparasite; endoparasite,1
29833162,UNCG:Mamm:141,Blarina brevicauda,United States,North Carolina,"Cold Mountain Game Lands, 0.9 km SW of south shore of Lake Logan",35.40285598,-82.93640197,926.804138,adult,ectoparasite; endoparasite,ectoparasite,endoparasite,1
29842303,UNCG:Mamm:3052,Peromyscus leucopus,United States,North Carolina,"Cold Mountain Game Lands, 0.9 km SW of south shore of Lake Logan",35.40350399,-82.93630298,890.061218,adult,ectoparasite,,ectoparasite,1
29842305,UNCG:Mamm:3056,Peromyscus leucopus,United States,North Carolina,"Cold Mountain Game Lands, 0.9 km SW of south shore of Lake Logan",35.40391697,-82.93627197,935.402405,adult,ectoparasite,ectoparasite,,1
29842259,UNCG:Mamm:3053,Peromyscus leucopus,United States,North Carolina,"Cold Mountain Game Lands, 0.9 km SW of south shore of Lake Logan",35.40342998,-82.93626401,889.714966,adult,ectoparasite,,ectoparasite,1
29832607,UNCG:Mamm:51,Peromyscus leucopus,United States,North Carolina,"Cold Mountain Game Lands, 0.9 km SW of south shore of Lake Logan",35.40340701,-82.936249,886.601868,adult,ectoparasite,ectoparasite,,1
29842257,UNCG:Mamm:3055,Peromyscus leucopus,United States,North Carolina,"Cold Mountain Game Lands, 0.9 km SW of south shore of Lake Logan",35.40290896,-82.93622696,887.45343,adult,ectoparasite,,ectoparasite,1
29833202,UNCG:Mamm:134,Peromyscus leucopus,United States,North Carolina,"Cold Mountain Game Lands, 0.9 km SW of south shore of Lake Logan",35.40358596,-82.93618103,901.826599,adult,ectoparasite,ectoparasite,,1
29817571,UNCG:Mamm:48,Peromyscus maniculatus,United States,North Carolina,"Cold Mountain Game Lands, 0.9 km SW of south shore of Lake Logan",35.402973,-82.93617097,894.205383,subadult,ectoparasite,,ectoparasite,1
29833210,UNCG:Mamm:137,Blarina brevicauda,United States,North Carolina,"Cold Mountain Game Lands, 0.9 km SW of south shore of Lake Logan",35.40326896,-82.93613199,896.765991,adult,ectoparasite,,ectoparasite; endoparasite,1
29833206,UNCG:Mamm:136,Blarina brevicauda,United States,North Carolina,"Cold Mountain Game Lands, 0.9 km SW of south shore of Lake Logan",35.40339997,-82.93613099,899.354736,adult,ectoparasite,ectoparasite,,1
29817559,UNCG:Mamm:49,Peromyscus leucopus,United States,North Carolina,"Cold Mountain Game Lands, 0.9 km SW of south shore of Lake Logan",35.40323996,-82.93611799,882.826538,adult,ectoparasite,ectoparasite,,1
29833186,UNCG:Mamm:142,Sorex fumeus,United States,North Carolina,"Cold Mountain Game Lands, 0.9 km SW of south shore of Lake Logan",35.40325798,-82.93610098,909.581421,adult,ectoparasite; endoparasite,,ectoparasite; endoparasite,1
29842255,UNCG:Mamm:3054,Peromyscus leucopus,United States,North Carolina,"Cold Mountain Game Lands, 0.9 km SW of south shore of Lake Logan",35.40294299,-82.93610098,883.302856,adult,ectoparasite,ectoparasite,,1
29833214,UNCG:Mamm:138,Blarina brevicauda,United States,North Carolina,"Cold Mountain Game Lands, 0.9 km SW of south shore of Lake Logan",35.40385201,-82.93608698,905.216553,adult,ectoparasite,ectoparasite,,1
29842311,UNCG:Mamm:3057,Peromyscus leucopus,United States,North Carolina,"Cold Mountain Game Lands, 0.9 km SW of south shore of Lake Logan",35.40350097,-82.93608597,910.556763,adult,ectoparasite,ectoparasite,,1
29833178,UNCG:Mamm:139,Blarina brevicauda,United States,North Carolina,"Cold Mountain Game Lands, 0.9 km SW of south shore of Lake Logan",35.403922,-82.93608103,905.715881,adult,ectoparasite,,ectoparasite,1
29833218,UNCG:Mamm:140,Blarina brevicauda,United States,North Carolina,"Cold Mountain Game Lands, 0.9 km SW of south shore of Lake Logan",35.40392401,-82.93608002,905.714172,adult,ectoparasite,ectoparasite,,1
29833158,UNCG:Mamm:125,Blarina brevicauda,United States,North Carolina,"Cold Mountain Game Lands, 0.9 km SW of south shore of Lake Logan",35.40302496,-82.93605697,906.43512,adult,ectoparasite; endoparasite,ectoparasite,endoparasite,1
29817543,UNCG:Mamm:42,Blarina brevicauda,United States,North Carolina,"Cold Mountain Game Lands, 0.9 km SW of south shore of Lake Logan",35.40344297,-82.93605102,933.201599,adult,ectoparasite,,ectoparasite,1
29817567,UNCG:Mamm:46,Peromyscus leucopus,United States,North Carolina,"Cold Mountain Game Lands, 0.9 km SW of south shore of Lake Logan",35.40366098,-82.93590199,931.149414,adult,ectoparasite,ectoparasite,,1
29817555,UNCG:Mamm:47,Peromyscus leucopus,United States,North Carolina,"Cold Mountain Game Lands, 0.9 km SW of south shore of Lake Logan",35.40374396,-82.93587299,928.850159,adult,ectoparasite,ectoparasite,,1
29842265,UNCG:Mamm:3059,Napaeozapus insignis,United States,North Carolina,"Cold Mountain Game Lands, 0.9 km SW of south shore of Lake Logan",35.40305698,-82.93570602,886.853394,juvenile,ectoparasite,,ectoparasite,1
29842263,UNCG:Mamm:3062,Napaeozapus insignis,United States,North Carolina,"Cold Mountain Game Lands, 0.9 km SW of south shore of Lake Logan",35.40296604,-82.93568197,914.479004,juvenile,ectoparasite,ectoparasite,,1
29833174,UNCG:Mamm:135,Zapus hudsonius,United States,North Carolina,"Cold Mountain Game Lands, 0.9 km SW of south shore of Lake Logan",35.40300502,-82.93565003,887.893188,adult,ectoparasite,,ectoparasite,1
29817563,UNCG:Mamm:45,Peromyscus leucopus,United States,North Carolina,"Cold Mountain Game Lands, 0.4 km N of north shore of Lake Logan",35.425322,-82.92272204,880.091919,adult,ectoparasite,ectoparasite,,1
29817575,UNCG:Mamm:50,Peromyscus leucopus,United States,North Carolina,"Cold Mountain Game Lands, 0.4 km N of north shore of Lake Logan",35.42560497,-82.92263696,935.402405,adult,ectoparasite,,ectoparasite,1
29833166,UNCG:Mamm:126,Zapus hudsonius,United States,North Carolina,"Cold Mountain Game Lands, 0.4 km N of north shore of Lake Logan",35.42532703,-82.92246203,862.782104,adult,ectoparasite,ectoparasite,,1
29832620,UNCG:Mamm:55,Peromyscus leucopus,United States,North Carolina,"Cold Mountain Game Lands, 0.4 km N of north shore of Lake Logan",35.42586104,-82.92229699,863.144287,adult,ectoparasite,ectoparasite,,1
29832616,UNCG:Mamm:53,Peromyscus leucopus,United States,North Carolina,"Cold Mountain Game Lands, 0.4 km N of north shore of Lake Logan",35.425883,-82.92228903,863.175903,adult,ectoparasite,,ectoparasite,1
29842261,UNCG:Mamm:3061,Peromyscus leucopus,United States,North Carolina,"Cold Mountain Game Lands, 0.4 km E of north shore of Lake Logan",35.420433,-82.92207403,955.072876,adult,ectoparasite,ectoparasite,,1
29833198,UNCG:Mamm:133,Peromyscus leucopus,United States,North Carolina,"Cold Mountain Game Lands, 0.4 km E of north shore of Lake Logan",35.42062403,-82.92207303,943.041138,adult,ectoparasite,ectoparasite,,1
29833154,UNCG:Mamm:57,Peromyscus leucopus,United States,North Carolina,"Cold Mountain Game Lands, 0.4 km E of north shore of Lake Logan",35.42027903,-82.92200698,950.604248,adult,ectoparasite,ectoparasite,,1
29833226,UNCG:Mamm:132,Peromyscus leucopus,United States,North Carolina,"Cold Mountain Game Lands, 0.4 km E of north shore of Lake Logan",35.42085897,-82.92193003,938.944519,adult,ectoparasite,ectoparasite,,1
29832624,UNCG:Mamm:52,Zapus hudsonius,United States,North Carolina,"Cold Mountain Game Lands, 0.4 km N of north shore of Lake Logan",35.42597302,-82.92190799,862.747986,adult,ectoparasite,,ectoparasite,1
29842309,UNCG:Mamm:3060,Peromyscus leucopus,United States,North Carolina,"Cold Mountain Game Lands, 0.4 km E of north shore of Lake Logan",35.42100297,-82.921896,913.337891,adult,ectoparasite,ectoparasite,,1
29833170,UNCG:Mamm:127,Peromyscus maniculatus,United States,North Carolina,"Cold Mountain Game Lands, 0.4 km E of north shore of Lake Logan",35.42029998,-82.921796,948.338074,subadult,ectoparasite,ectoparasite,,1
29833222,UNCG:Mamm:130,Peromyscus leucopus,United States,North Carolina,"Cold Mountain Game Lands, 0.4 km E of north shore of Lake Logan",35.42139298,-82.92163197,923.198608,adult,ectoparasite,ectoparasite,,1
29832628,UNCG:Mamm:54,Peromyscus leucopus,United States,North Carolina,"Cold Mountain Game Lands, 0.4 km E of north shore of Lake Logan",35.42131101,-82.92161898,900.789673,adult,ectoparasite,ectoparasite,,1
29842307,UNCG:Mamm:3058,Peromyscus leucopus,United States,North Carolina,"Cold Mountain Game Lands, 0.4 km E of north shore of Lake Logan",35.42134504,-82.92161101,901.926575,subadult,ectoparasite,,ectoparasite,1
29817539,UNCG:Mamm:41,Peromyscus leucopus,United States,North Carolina,"Cold Mountain Game Lands, 0.4 km E of north shore of Lake Logan",35.42132199,-82.92151102,928.129272,adult,ectoparasite,,ectoparasite,1
29833150,UNCG:Mamm:56,Peromyscus leucopus,United States,North Carolina,"Cold Mountain Game Lands, 0.4 km E of north shore of Lake Logan",35.42117698,-82.92148897,921.592285,adult,ectoparasite,ectoparasite,,1
29833190,UNCG:Mamm:128,Peromyscus leucopus,United States,North Carolina,"Cold Mountain Game Lands, 0.4 km E of north shore of Lake Logan",35.42127999,-82.92143902,924.327393,adult,ectoparasite,ectoparasite,,1
29847669,UNCG:Mamm:253,Peromyscus maniculatus,United States,North Carolina,"Pisgah National Forest, 0.64 km N of Bruce Knob, along NC Highway 215",35.25335703,-82.91935301,1040.718872,adult,ectoparasite; endoparasite,,ectoparasite; endoparasite,1
,,,,,,,,,,,,,
30034127,UNCG:Mamm:413,Peromyscus maniculatus,United States,North Carolina,"Pisgah National Forest, 0.64 km N of Bruce Knob, along NC Highway 215",35.25345099,-82.91918596,1129.082642,adult,endoparasite,,ectoparasite; endoparasite,1
29847735,UNCG:Mamm:256,Peromyscus maniculatus,United States,North Carolina,"Pisgah National Forest, 0.64 km N of Bruce Knob, along NC Highway 215",35.25338503,-82.91915696,1137.832153,adult,ectoparasite; endoparasite,,ectoparasite; endoparasite,1
29846679,UNCG:Mamm:181,Peromyscus maniculatus,United States,North Carolina,"Pisgah National Forest, 0.64 km N of Bruce Knob, along NC Highway 215",35.25364,-82.91915604,1162.666992,adult,endoparasite,,ectoparasite; endoparasite,1
30010774,UNCG:Mamm:385,Peromyscus maniculatus,United States,North Carolina,"Pisgah National Forest, 0.64 km N of Bruce Knob, along NC Highway 215",35.25354001,-82.91910801,1150.519409,adult,ectoparasite; endoparasite,,ectoparasite; endoparasite,1
29847633,UNCG:Mamm:191,Peromyscus maniculatus,United States,North Carolina,"Pisgah National Forest, 0.64 km N of Bruce Knob, along NC Highway 215",35.25356499,-82.91910198,1161.829956,adult,endoparasite,,ectoparasite; endoparasite,1
29847629,UNCG:Mamm:190,Peromyscus maniculatus,United States,North Carolina,"Pisgah National Forest, 0.64 km N of Bruce Knob, along NC Highway 215",35.25354998,-82.91905001,1164.664551,adult,endoparasite,,ectoparasite; endoparasite,1
30034181,UNCG:Mamm:419,Peromyscus maniculatus,United States,North Carolina,"Pisgah National Forest, 0.64 km N of Bruce Knob, along NC Highway 215",35.25360203,-82.919049,1128.49292,juvenile,endoparasite,,ectoparasite; endoparasite,1
30010742,UNCG:Mamm:391,Peromyscus maniculatus,United States,North Carolina,"Pisgah National Forest, 0.64 km N of Bruce Knob, along NC Highway 215",35.25375199,-82.91904297,1144.718994,adult,ectoparasite; endoparasite,,ectoparasite; endoparasite,1
30108822,UNCG:Mamm:436,Peromyscus maniculatus,United States,North Carolina,"Pisgah National Forest, 0.64 km N of Bruce Knob, along NC Highway 215",35.25329601,-82.91903601,1145.696899,adult,endoparasite,,ectoparasite; endoparasite,1
30034135,UNCG:Mamm:420,Peromyscus maniculatus,United States,North Carolina,"Pisgah National Forest, 0.64 km N of Bruce Knob, along NC Highway 215",35.25348997,-82.919034,1136.520996,juvenile,endoparasite,,ectoparasite; endoparasite,1
30034139,UNCG:Mamm:418,Peromyscus maniculatus,United States,North Carolina,"Pisgah National Forest, 0.64 km N of Bruce Knob, along NC Highway 215",35.25360597,-82.91902604,1129.52124,adult,endoparasite,,ectoparasite; endoparasite,1
30108814,UNCG:Mamm:437,Peromyscus maniculatus,United States,North Carolina,"Pisgah National Forest, 0.64 km N of Bruce Knob, along NC Highway 215",35.25361704,-82.91902,1145.509277,subadult,endoparasite,,ectoparasite; endoparasite,1
29842137,UNCG:Mamm:158,Peromyscus maniculatus,United States,North Carolina,"Pisgah National Forest, 0.64 km N of Bruce Knob, along NC Highway 215",35.25373003,-82.91899201,1118.459961,adult,endoparasite,,ectoparasite; endoparasite,1
29847677,UNCG:Mamm:257,Peromyscus maniculatus,United States,North Carolina,"Pisgah National Forest, 0.64 km N of Bruce Knob, along NC Highway 215",35.25350397,-82.918991,1133.182373,adult,ectoparasite; endoparasite,,ectoparasite; endoparasite,1
29847693,UNCG:Mamm:202,Peromyscus maniculatus,United States,North Carolina,"Pisgah National Forest, 0.64 km N of Bruce Knob, along NC Highway 215",35.25325997,-82.91898597,1177.150513,adult,,,ectoparasite,1
29846683,UNCG:Mamm:182,Peromyscus maniculatus,United States,North Carolina,"Pisgah National Forest, 0.64 km N of Bruce Knob, along NC Highway 215",35.25348301,-82.91894599,1107.606201,adult,endoparasite,,ectoparasite; endoparasite,1
30034151,UNCG:Mamm:417,Peromyscus maniculatus,United States,North Carolina,"Pisgah National Forest, 0.64 km N of Bruce Knob, along NC Highway 215",35.25380898,-82.91893099,1129.705688,subadult,endoparasite,ectoparasite,endoparasite,1
30010750,UNCG:Mamm:402,Peromyscus maniculatus,United States,North Carolina,"Pisgah National Forest, 0.64 km N of Bruce Knob, along NC Highway 215",35.25357404,-82.91892202,1144.806519,adult,ectoparasite; endoparasite,ectoparasite,endoparasite,1
29872428,UNCG:Mamm:346,Peromyscus maniculatus,United States,North Carolina,"Pisgah National Forest, 0.64 km N of Bruce Knob, along NC Highway 215",35.25343901,-82.91891003,1140.170654,adult,ectoparasite; endoparasite,,ectoparasite; endoparasite,1
29842113,UNCG:Mamm:151,Peromyscus maniculatus,United States,North Carolina,"Pisgah National Forest, 0.64 km N of Bruce Knob, along NC Highway 215",35.25345401,-82.91890701,1144.43335,adult,endoparasite,,ectoparasite; endoparasite,1
29930449,UNCG:Mamm:376,Sorex cinereus,United States,North Carolina,"Pisgah National Forest, 0.64 km N of Bruce Knob, along NC Highway 215",35.25369097,-82.91889402,1146.662109,adult,endoparasite,ectoparasite,endoparasite,1
30034193,UNCG:Mamm:422,Peromyscus maniculatus,United States,North Carolina,"Pisgah National Forest, 0.64 km N of Bruce Knob, along NC Highway 215",35.25390303,-82.91889,1125.363037,subadult,endoparasite,,ectoparasite; endoparasite,1
29842133,UNCG:Mamm:157,Peromyscus maniculatus,United States,North Carolina,"Pisgah National Forest, 0.64 km N of Bruce Knob, along NC Highway 215",35.25381301,-82.918833,1117.585815,adult,endoparasite,,ectoparasite; endoparasite,1
29846727,UNCG:Mamm:172,Peromyscus maniculatus,United States,North Carolina,"Pisgah National Forest, 0.64 km N of Bruce Knob, along NC Highway 215",35.25350003,-82.91879604,1152.986816,adult,endoparasite,,ectoparasite; endoparasite,1
29846723,UNCG:Mamm:171,Peromyscus maniculatus,United States,North Carolina,"Pisgah National Forest, 0.64 km N of Bruce Knob, along NC Highway 215",35.25348997,-82.91879402,1156.775024,adult,endoparasite,,ectoparasite; endoparasite,1
29846671,UNCG:Mamm:179,Peromyscus maniculatus,United States,North Carolina,"Pisgah National Forest, 0.64 km N of Bruce Knob, along NC Highway 215",35.25367202,-82.91879201,1115.220093,adult,endoparasite,,ectoparasite; endoparasite,1
29846719,UNCG:Mamm:170,Peromyscus maniculatus,United States,North Carolina,"Pisgah National Forest, 0.64 km N of Bruce Knob, along NC Highway 215",35.25344596,-82.91879101,1157.768311,adult,endoparasite,,ectoparasite; endoparasite,1
29842177,UNCG:Mamm:161,Peromyscus maniculatus,United States,North Carolina,"Pisgah National Forest, 0.64 km N of Bruce Knob, along NC Highway 215",35.25365802,-82.91878397,1147.892456,adult,endoparasite,,ectoparasite; endoparasite,1
29846687,UNCG:Mamm:183,Peromyscus maniculatus,United States,North Carolina,"Pisgah National Forest, 0.64 km N of Bruce Knob, along NC Highway 215",35.25382197,-82.91876201,1111.901733,adult,endoparasite,,ectoparasite; endoparasite,1
29847705,UNCG:Mamm:205,Peromyscus maniculatus,United States,North Carolina,"Pisgah National Forest, 0.64 km N of Bruce Knob, along NC Highway 215",35.25376003,-82.91872999,1046.859863,adult,ectoparasite,ectoparasite,,1
29872445,UNCG:Mamm:338,Myodes gapperi,United States,North Carolina,"Pisgah National Forest, 0.64 km N of Bruce Knob, along NC Highway 215",35.25401501,-82.91869101,1151.24939,adult,ectoparasite; endoparasite,ectoparasite,endoparasite,1
29847713,UNCG:Mamm:331,Peromyscus maniculatus,United States,North Carolina,"Pisgah National Forest, 0.64 km N of Bruce Knob, along NC Highway 215",35.253625,-82.91868196,1096.310425,adult,ectoparasite; endoparasite,ectoparasite,endoparasite,1
30010696,UNCG:Mamm:404,Peromyscus maniculatus,United States,North Carolina,"Pisgah National Forest, 0.64 km N of Bruce Knob, along NC Highway 215",35.254028,-82.91867299,1128.433472,adult,ectoparasite; endoparasite,ectoparasite,endoparasite,1
29846715,UNCG:Mamm:168,Peromyscus maniculatus,United States,North Carolina,"Pisgah National Forest, 0.64 km N of Bruce Knob, along NC Highway 215",35.25394603,-82.91865597,1154.804688,adult,endoparasite,ectoparasite,endoparasite,1
29847731,UNCG:Mamm:255,Peromyscus maniculatus,United States,North Carolina,"Pisgah National Forest, 0.64 km N of Bruce Knob, along NC Highway 215",35.25422104,-82.91865497,1103.588745,adult,ectoparasite; endoparasite,,ectoparasite; endoparasite,1
29847719,UNCG:Mamm:328,Myodes gapperi,United States,North Carolina,"Pisgah National Forest, 0.64 km N of Bruce Knob, along NC Highway 215",35.25363598,-82.91864701,1096.119385,adult,ectoparasite; endoparasite,ectoparasite,endoparasite,1
29847755,UNCG:Mamm:325,Blarina brevicauda,United States,North Carolina,"Pisgah National Forest, 0.64 km N of Bruce Knob, along NC Highway 215",35.25400001,-82.91863603,1103.273315,adult,endoparasite,,ectoparasite; endoparasite,1
,,,,,,,,,,,,,
30034131,UNCG:Mamm:414,Peromyscus maniculatus,United States,North Carolina,"Pisgah National Forest, 0.64 km N of Bruce Knob, along NC Highway 215",35.25354998,-82.91862999,1161.373413,adult,endoparasite,,ectoparasite; endoparasite,1
29842182,UNCG:Mamm:165,Sorex fumeus,United States,North Carolina,"Pisgah National Forest, 0.64 km N of Bruce Knob, along NC Highway 215",35.25364797,-82.91862697,1154.440063,adult,endoparasite,,ectoparasite; endoparasite,1
29847751,UNCG:Mamm:206,Peromyscus maniculatus,United States,North Carolina,"Pisgah National Forest, 0.64 km N of Bruce Knob, along NC Highway 215",35.25393899,-82.91860803,1069.234375,adult,ectoparasite,ectoparasite,,1
29842125,UNCG:Mamm:152,Peromyscus maniculatus,United States,North Carolina,"Pisgah National Forest, 0.64 km N of Bruce Knob, along NC Highway 215",35.25366599,-82.91860401,1141.321655,adult,endoparasite,,ectoparasite; endoparasite,1
,,,,,,,,,,,,,
29847709,UNCG:Mamm:326,Peromyscus maniculatus,United States,North Carolina,"Pisgah National Forest, 0.64 km N of Bruce Knob, along NC Highway 215",35.25410897,-82.91859596,1104.571289,subadult,ectoparasite; endoparasite,,ectoparasite; endoparasite,1
30034143,UNCG:Mamm:421,Peromyscus maniculatus,United States,North Carolina,"Pisgah National Forest, 0.64 km N of Bruce Knob, along NC Highway 215",35.25353397,-82.91858699,1161.123413,adult,endoparasite,ectoparasite,endoparasite,1
29847637,UNCG:Mamm:192,Peromyscus maniculatus,United States,North Carolina,"Pisgah National Forest, 0.64 km N of Bruce Knob, along NC Highway 215",35.25442396,-82.91855397,1139.405029,adult,endoparasite,,ectoparasite; endoparasite,1
29842186,UNCG:Mamm:166,Peromyscus maniculatus,United States,North Carolina,"Pisgah National Forest, 0.64 km N of Bruce Knob, along NC Highway 215",35.25380898,-82.91852698,1151.125122,adult,endoparasite,,ectoparasite; endoparasite,1
29842157,UNCG:Mamm:153,Peromyscus maniculatus,United States,North Carolina,"Pisgah National Forest, 0.64 km N of Bruce Knob, along NC Highway 215",35.25393597,-82.91849102,1135.432373,adult,endoparasite,,ectoparasite; endoparasite,1
29846675,UNCG:Mamm:180,Peromyscus maniculatus,United States,North Carolina,"Pisgah National Forest, 0.64 km N of Bruce Knob, along NC Highway 215",35.25383798,-82.91847602,1129.150879,adult,endoparasite,,ectoparasite; endoparasite,1
29847717,UNCG:Mamm:3064,Myodes gapperi,United States,North Carolina,"Pisgah National Forest, 0.64 km N of Bruce Knob, along NC Highway 215",35.25369398,-82.91840896,1104.009521,juvenile,,,ectoparasite,1
29872432,UNCG:Mamm:347,Peromyscus maniculatus,United States,North Carolina,"Pisgah National Forest, 0.64 km N of Bruce Knob, along NC Highway 215",35.25429999,-82.918402,1164.835327,adult,ectoparasite; endoparasite,ectoparasite,endoparasite,1
29842141,UNCG:Mamm:159,Peromyscus maniculatus,United States,North Carolina,"Pisgah National Forest, 0.64 km N of Bruce Knob, along NC Highway 215",35.25437904,-82.918329,1138.169189,adult,endoparasite,,ectoparasite; endoparasite,1
29842169,UNCG:Mamm:155,Peromyscus maniculatus,United States,North Carolina,"Pisgah National Forest, 0.64 km N of Bruce Knob, along NC Highway 215",35.25459898,-82.91817896,1107.717773,adult,endoparasite,,ectoparasite; endoparasite,1
29842121,UNCG:Mamm:154,Peromyscus maniculatus,United States,North Carolina,"Pisgah National Forest, 0.64 km N of Bruce Knob, along NC Highway 215",35.25436697,-82.91807,1128.987793,adult,endoparasite,,ectoparasite; endoparasite,1
30034185,UNCG:Mamm:425,Peromyscus maniculatus,United States,North Carolina,"Pisgah National Forest, 0.64 km N of Bruce Knob, along NC Highway 215",35.25467198,-82.91773799,1120.131348,adult,endoparasite,ectoparasite,endoparasite,1
29930444,UNCG:Mamm:373,Peromyscus maniculatus,United States,North Carolina,"Pisgah National Forest, 0.8 km NE Rocky Knob, along NC Highway 215",35.277454,-82.91643896,1399.324829,adult,ectoparasite; endoparasite,ectoparasite,endoparasite,1
29930475,UNCG:Mamm:380,Napaeozapus insignis,United States,North Carolina,"Pisgah National Forest, 0.8 km NE Rocky Knob, along NC Highway 215",35.27704999,-82.91637702,1391.354858,adult,ectoparasite; endoparasite,ectoparasite,endoparasite,1
30010778,UNCG:Mamm:382,Sorex fumeus,United States,North Carolina,"Pisgah National Forest, 0.8 km NE Rocky Knob, along NC Highway 215",35.27707304,-82.91636797,1390.671997,adult,endoparasite,,ectoparasite; endoparasite,1
30034147,UNCG:Mamm:415,Peromyscus leucopus,United States,North Carolina,"Pisgah National Forest, 0.8 km NE Rocky Knob, along NC Highway 215",35.27731,-82.916359,1402.716675,adult,endoparasite,,ectoparasite; endoparasite,1
30010700,UNCG:Mamm:405,Peromyscus leucopus,United States,North Carolina,"Pisgah National Forest, 0.8 km NE Rocky Knob, along NC Highway 215",35.27718896,-82.91635598,1374.082397,adult,ectoparasite; endoparasite,ectoparasite; endoparasite,,1
30010704,UNCG:Mamm:406,Peromyscus maniculatus,United States,North Carolina,"Pisgah National Forest, 0.8 km NE Rocky Knob, along NC Highway 215",35.27737697,-82.91633603,1370.576904,adult,ectoparasite; endoparasite,,ectoparasite; endoparasite,1
30108802,UNCG:Mamm:432,Peromyscus leucopus,United States,North Carolina,"Pisgah National Forest, 0.8 km NE Rocky Knob, along NC Highway 215",35.27733799,-82.91633402,1379.477173,adult,endoparasite,ectoparasite,endoparasite,1
30108818,UNCG:Mamm:433,Peromyscus leucopus,United States,North Carolina,"Pisgah National Forest, 0.8 km NE Rocky Knob, along NC Highway 215",35.27727102,-82.91631801,1378.498901,adult,endoparasite,ectoparasite,endoparasite,1
30010728,UNCG:Mamm:3076,Peromyscus maniculatus,United States,North Carolina,"Pisgah National Forest, 0.8 km NE Rocky Knob, along NC Highway 215",35.27734696,-82.916317,1368.664185,subadult,ectoparasite,,ectoparasite,1
30108806,UNCG:Mamm:434,Peromyscus leucopus,United States,North Carolina,"Pisgah National Forest, 0.8 km NE Rocky Knob, along NC Highway 215",35.27813402,-82.91631298,1386.401733,adult,endoparasite,ectoparasite,endoparasite,1
29930467,UNCG:Mamm:379,Blarina brevicauda,United States,North Carolina,"Pisgah National Forest, 0.8 km NE Rocky Knob, along NC Highway 215",35.27719701,-82.91629001,1391.511475,adult,endoparasite,,ectoparasite; endoparasite,1
32830535,UNCG:Mamm:3153,Ursus americanus,United States,North Carolina,"Pisgah National Forest, 0.8 km NE Rocky Knob, along NC Highway 215",35.27768,-82.91628,1398,,,,,1
30034197,UNCG:Mamm:416,Peromyscus maniculatus,United States,North Carolina,"Pisgah National Forest, 0.8 km NE Rocky Knob, along NC Highway 215",35.27737403,-82.91626504,1381.204956,subadult,endoparasite,,ectoparasite; endoparasite,1
29933413,UNCG:Mamm:372,Peromyscus leucopus,United States,North Carolina,"Pisgah National Forest, 0.8 km NE Rocky Knob, along NC Highway 215",35.27746003,-82.91626101,1401.389771,adult,endoparasite,,ectoparasite; endoparasite,1
30034201,UNCG:Mamm:423,Peromyscus maniculatus,United States,North Carolina,"Pisgah National Forest, 0.8 km NE Rocky Knob, along NC Highway 215",35.27728602,-82.91622698,1387.710083,adult,endoparasite,,ectoparasite; endoparasite,1
29872440,UNCG:Mamm:343,Blarina brevicauda,United States,North Carolina,"Pisgah National Forest, 0.8 km NE Rocky Knob, along NC Highway 215",35.27793202,-82.91621701,1367.205078,adult,,ectoparasite,,1
29930471,UNCG:Mamm:378,Sorex cinereus,United States,North Carolina,"Pisgah National Forest, 0.8 km NE Rocky Knob, along NC Highway 215",35.27713297,-82.91616102,1391.997925,adult,endoparasite,,ectoparasite; endoparasite,1
29930463,UNCG:Mamm:377,Blarina brevicauda,United States,North Carolina,"Pisgah National Forest, 0.8 km NE Rocky Knob, along NC Highway 215",35.27728099,-82.91607502,1403.662231,adult,endoparasite,,ectoparasite; endoparasite,1
29930458,UNCG:Mamm:374,Peromyscus maniculatus,United States,North Carolina,"Pisgah National Forest, 0.8 km NE Rocky Knob, along NC Highway 215",35.27742097,-82.91605297,1393.549438,adult,ectoparasite; endoparasite,ectoparasite,endoparasite,1
29930454,UNCG:Mamm:375,Blarina brevicauda,United States,North Carolina,"Pisgah National Forest, 0.8 km NE Rocky Knob, along NC Highway 215",35.27742902,-82.91604803,1397.918457,adult,ectoparasite; endoparasite,ectoparasite,endoparasite,1
29847673,UNCG:Mamm:254,Peromyscus maniculatus,United States,North Carolina,"Pisgah National Forest, 0.64 km N of Bruce Knob, along NC Highway 215",35.25348703,-82.91570999,1165.052002,adult,ectoparasite; endoparasite,,ectoparasite; endoparasite,1
29817547,UNCG:Mamm:43,Peromyscus leucopus,United States,North Carolina,"Cold Mountain Game Lands, 3.9 km W of peak of Cold Mountain, along Little East Fork of Pigeon River",35.40614697,-82.90209199,966.738098,adult,ectoparasite,,ectoparasite,1
29833194,UNCG:Mamm:129,Peromyscus leucopus,United States,North Carolina,"Cold Mountain Game Lands, 3.9 km W of peak of Cold Mountain, along Little East Fork of Pigeon River",35.40633598,-82.90186803,910.959229,adult,ectoparasite,ectoparasite,,1
29817551,UNCG:Mamm:44,Zapus hudsonius,United States,North Carolina,"Cold Mountain Game Lands, 3.9 km W of peak of Cold Mountain, along Little East Fork of Pigeon River",35.40604899,-82.90174004,959.818298,adult,ectoparasite,ectoparasite,,1
29817085,UNCG:Mamm:39,Sigmodon hispidus,United States,North Carolina,"Green River Game Lands, 0.79 km SE of Bradley Falls, off Holbert Cove Road",35.26343702,-82.28474203,473.391998,adult,ectoparasite,ectoparasite,,1
29816985,UNCG:Mamm:124,Sigmodon hispidus,United States,North Carolina,"Green River Game Lands, 0.79 km SE of Bradley Falls, off Holbert Cove Road",35.26258802,-82.28457204,469.596497,subadult,ectoparasite,ectoparasite,,1
29817069,UNCG:Mamm:37,Sigmodon hispidus,United States,North Carolina,"Green River Game Lands, 0.79 km SE of Bradley Falls, off Holbert Cove Road",35.26308398,-82.28455201,471.682343,adult,ectoparasite,ectoparasite,,1
29817033,UNCG:Mamm:26,Peromyscus leucopus,United States,North Carolina,"Green River Game Lands, 0.79 km SE of Bradley Falls, off Holbert Cove Road",35.26261099,-82.284478,473.711365,adult,ectoparasite,ectoparasite,,1
29842295,UNCG:Mamm:3032,Peromyscus leucopus,United States,North Carolina,"Green River Game Lands, 0.79 km SE of Bradley Falls, off Holbert Cove Road",35.26260898,-82.28446601,473.708923,adult,ectoparasite,ectoparasite,,1
29817220,UNCG:Mamm:31,Sigmodon hispidus,United States,North Carolina,"Green River Game Lands, 0.79 km SE of Bradley Falls, off Holbert Cove Road",35.26299303,-82.28445201,468.285614,adult,ectoparasite,ectoparasite,,1
29817236,UNCG:Mamm:109,Peromyscus leucopus,United States,North Carolina,"Green River Game Lands, 0.79 km SE of Bradley Falls, off Holbert Cove Road",35.26271903,-82.284392,462.964447,adult,ectoparasite,,ectoparasite,1
29817216,UNCG:Mamm:27,Peromyscus leucopus,United States,North Carolina,"Green River Game Lands, 0.79 km SE of Bradley Falls, off Holbert Cove Road",35.26282397,-82.28431899,473.298889,adult,ectoparasite,,ectoparasite,1
29816977,UNCG:Mamm:121,Sigmodon hispidus,United States,North Carolina,"Green River Game Lands, 0.79 km SE of Bradley Falls, off Holbert Cove Road",35.26349704,-82.28428102,461.187958,subadult,ectoparasite,ectoparasite,,1
,,,,,,,,,,,,,
29817097,UNCG:Mamm:112,Peromyscus leucopus,United States,North Carolina,"Green River Game Lands, 0.79 km SE of Bradley Falls, off Holbert Cove Road",35.26359804,-82.28427004,463.069366,adult,ectoparasite,,ectoparasite,1
29817045,UNCG:Mamm:29,Peromyscus leucopus,United States,North Carolina,"Green River Game Lands, 0.79 km SE of Bradley Falls, off Holbert Cove Road",35.26303897,-82.28422704,473.047638,adult,ectoparasite,ectoparasite,,1
29816981,UNCG:Mamm:123,Napaeozapus insignis,United States,North Carolina,"Green River Game Lands, 0.79 km SE of Bradley Falls, off Holbert Cove Road",35.26320099,-82.284177,468.081207,adult,ectoparasite,,ectoparasite,1
29842241,UNCG:Mamm:3037,Peromyscus leucopus,United States,North Carolina,"Green River Game Lands, 1.1 km SE of Bradley Falls, off Holbert Cove Road",35.26358798,-82.28416703,456.165039,adult,ectoparasite,,ectoparasite,1
29817041,UNCG:Mamm:28,Peromyscus leucopus,United States,North Carolina,"Green River Game Lands, 0.79 km SE of Bradley Falls, off Holbert Cove Road",35.26316302,-82.28414004,473.01004,adult,ectoparasite,ectoparasite,,1
29817049,UNCG:Mamm:30,Peromyscus leucopus,United States,North Carolina,"Green River Game Lands, 0.79 km SE of Bradley Falls, off Holbert Cove Road",35.26323996,-82.28412797,472.891571,adult,ectoparasite,,ectoparasite,1
29817244,UNCG:Mamm:111,Peromyscus leucopus,United States,North Carolina,"Green River Game Lands, 0.79 km SE of Bradley Falls, off Holbert Cove Road",35.26370198,-82.283803,457.408203,adult,ectoparasite,,ectoparasite,1
29817093,UNCG:Mamm:110,Peromyscus leucopus,United States,North Carolina,"Green River Game Lands, 0.79 km SE of Bradley Falls, off Holbert Cove Road",35.26362101,-82.28371298,457.636017,adult,ectoparasite,,ectoparasite,1
29842299,UNCG:Mamm:3039,Peromyscus leucopus,United States,North Carolina,"Green River Game Lands, 1.1 km SE of Bradley Falls, off Holbert Cove Road",35.26418502,-82.282854,471.365204,adult,ectoparasite,ectoparasite,,1
29817081,UNCG:Mamm:102,Peromyscus leucopus,United States,North Carolina,"Green River Game Lands, 1.1 km SE of Bradley Falls, off Holbert Cove Road",35.26420397,-82.28267597,488.199677,adult,ectoparasite,,ectoparasite,1
,,,,,,,,,,,,,
29842291,UNCG:Mamm:3035,Peromyscus leucopus,United States,North Carolina,"Green River Game Lands, 1.1 km SE of Bradley Falls, off Holbert Cove Road",35.26446397,-82.28253901,472.474915,adult,ectoparasite,ectoparasite,,1
29817228,UNCG:Mamm:101,Blarina brevicauda,United States,North Carolina,"Green River Game Lands, 1.1 km SE of Bradley Falls, off Holbert Cove Road",35.26454704,-82.282134,489.475586,adult,ectoparasite,,ectoparasite,1
29816965,UNCG:Mamm:104,Peromyscus leucopus,United States,North Carolina,"Green River Game Lands, 1.1 km SE of Bradley Falls, off Holbert Cove Road",35.26467302,-82.281832,490.875824,adult,ectoparasite,ectoparasite,,1
29817057,UNCG:Mamm:32,Peromyscus leucopus,United States,North Carolina,"Green River Game Lands, 1.1 km SE of Bradley Falls, off Holbert Cove Road",35.26494501,-82.28153704,478.211884,adult,ectoparasite,ectoparasite,,1
29817077,UNCG:Mamm:100,Blarina brevicauda,United States,North Carolina,"Green River Game Lands, 1.1 km SE of Bradley Falls, off Holbert Cove Road",35.26488097,-82.28135901,483.376892,adult,ectoparasite; endoparasite,,ectoparasite,1
29817224,UNCG:Mamm:33,Peromyscus leucopus,United States,North Carolina,"Green River Game Lands, 1.1 km SE of Bradley Falls, off Holbert Cove Road",35.26489204,-82.281085,478.623718,adult,ectoparasite,ectoparasite,,1
29842321,UNCG:Mamm:3043,Peromyscus leucopus,United States,North Carolina,"Green River Game Lands, 1.1 km SE of Bradley Falls, off Holbert Cove Road",35.26527903,-82.28100001,273.013885,adult,ectoparasite,,ectoparasite,1
29817053,UNCG:Mamm:35,Peromyscus leucopus,United States,North Carolina,"Green River Game Lands, 1.1 km SE of Bradley Falls, off Holbert Cove Road",35.26506898,-82.28096204,477.269897,adult,ectoparasite,ectoparasite,,1
,,,,,,,,,,,,,
29842239,UNCG:Mamm:3036,Peromyscus leucopus,United States,North Carolina,"Green River Game Lands, 1.1 km SE of Bradley Falls, off Holbert Cove Road",35.264713,-82.28093002,481.464844,adult,ectoparasite,,ectoparasite,1
29817061,UNCG:Mamm:34,Peromyscus leucopus,United States,North Carolina,"Green River Game Lands, 1.1 km SE of Bradley Falls, off Holbert Cove Road",35.26471501,-82.28092801,481.398529,adult,ectoparasite,,ectoparasite,1
29817101,UNCG:Mamm:114,Didelphis virginiana,United States,North Carolina,"Green River Game Lands, 1.1 km SE of Bradley Falls, off Holbert Cove Road",35.26506697,-82.28077202,426.33783,juvenile,ectoparasite,ectoparasite,,1
29817109,UNCG:Mamm:116,Peromyscus leucopus,United States,North Carolina,"Green River Game Lands, 1.1 km SE of Bradley Falls, off Holbert Cove Road",35.26525397,-82.28033499,433.165192,adult,ectoparasite,,ectoparasite,1
29817232,UNCG:Mamm:103,Peromyscus leucopus,United States,North Carolina,"Green River Game Lands, 1.1 km SE of Bradley Falls, off Holbert Cove Road",35.26526998,-82.27992302,497.612885,adult,ectoparasite,ectoparasite,,1
29842297,UNCG:Mamm:3044,Peromyscus leucopus,United States,North Carolina,"Green River Game Lands, 1.1 km SE of Bradley Falls, off Holbert Cove Road",35.26549998,-82.27975697,449.087372,adult,ectoparasite,ectoparasite,,1
29817113,UNCG:Mamm:115,Peromyscus leucopus,United States,North Carolina,"Green River Game Lands, 1.1 km SE of Bradley Falls, off Holbert Cove Road",35.265762,-82.279561,451.559052,adult,ectoparasite,ectoparasite,,1
29842245,UNCG:Mamm:3045,Peromyscus leucopus,United States,North Carolina,"Green River Game Lands, 0.8 km N Chimney Top Mountain, off of Green River Cove Road",35.30130504,-82.26801803,317.183563,adult,ectoparasite,ectoparasite,,1
29817105,UNCG:Mamm:118,Ochrotomys nuttalli,United States,North Carolina,"Green River Game Lands, 0.8 km N Chimney Top Mountain, off of Green River Cove Road",35.30146798,-82.26787202,298.916504,adult,ectoparasite,ectoparasite,,1
29816973,UNCG:Mamm:105,Peromyscus leucopus,United States,North Carolina,"Green River Game Lands, 0.8 km N Chimney Top Mountain, off of Green River Cove Road",35.30167602,-82.26752099,281.714813,adult,ectoparasite,,ectoparasite,1
29817089,UNCG:Mamm:106,Peromyscus leucopus,United States,North Carolina,"Green River Game Lands, 0.8 km N Chimney Top Mountain, off of Green River Cove Road",35.30164802,-82.26737397,285.840637,adult,ectoparasite,ectoparasite,,1
29817073,UNCG:Mamm:38,Peromyscus leucopus,United States,North Carolina,"Green River Game Lands, 0.8 km N Chimney Top Mountain, off of Green River Cove Road",35.30147502,-82.26712301,308.939484,adult,ectoparasite,ectoparasite,,1
29817248,UNCG:Mamm:117,Peromyscus leucopus,United States,North Carolina,"Green River Game Lands, 0.8 km N Chimney Top Mountain, off of Green River Cove Road",35.30136396,-82.26677299,283.458954,adult,ectoparasite,,ectoparasite,1
29817117,UNCG:Mamm:122,Peromyscus leucopus,United States,North Carolina,"Green River Game Lands, 0.8 km N Chimney Top Mountain, off of Green River Cove Road",35.30132004,-82.26665304,278.230621,adult,ectoparasite,ectoparasite,,1
29817212,UNCG:Mamm:25,Peromyscus leucopus,United States,North Carolina,"Green River Game Lands, 0.8 km N Chimney Top Mountain, off of Green River Cove Road",35.30130101,-82.26624903,299.59317,adult,ectoparasite,ectoparasite,,1
,,,,,,,,,,,,,
29858673,UNCG:Mamm:3066,Sorex cinereus,United States,North Carolina,"Mount Mitchell State Park, 0.17 km NNE Mount Mitchell summit, along Balsam Nature Loop",35.76633696,-82.26590998,2004.040527,adult,,,ectoparasite,1
29858184,UNCG:Mamm:335,Sorex cinereus,United States,North Carolina,"Mount Mitchell State Park, 0.17 km NNE Mount Mitchell summit, along Balsam Nature Loop",35.76587898,-82.26433503,1972.653931,adult,endoparasite,,ectoparasite; endoparasite,1
29858663,UNCG:Mamm:334,Sorex cinereus,United States,North Carolina,"Mount Mitchell State Park, 0.17 km NNE Mount Mitchell summit, along Balsam Nature Loop",35.76558301,-82.26401199,2022.724121,adult,endoparasite,,ectoparasite; endoparasite,1
29858655,UNCG:Mamm:332,Sorex fumeus,United States,North Carolina,"Mount Mitchell State Park, 0.17 km NNE Mount Mitchell summit, along Balsam Nature Loop",35.76549903,-82.26398801,1971.634155,adult,endoparasite,,ectoparasite; endoparasite,1
29858667,UNCG:Mamm:336,Sorex fumeus,United States,North Carolina,"Mount Mitchell State Park, 0.17 km NNE Mount Mitchell summit, along Balsam Nature Loop",35.765293,-82.26386698,1976.766602,adult,ectoparasite; endoparasite,ectoparasite,endoparasite,1
29858675,UNCG:Mamm:337,Sorex cinereus,United States,North Carolina,"Mount Mitchell State Park, 0.17 km NNE Mount Mitchell summit, along Balsam Nature Loop",35.76535997,-82.26384896,1977.059082,adult,,,ectoparasite,1
29858659,UNCG:Mamm:333,Sorex cinereus,United States,North Carolina,"Mount Mitchell State Park, 0.17 km NNE Mount Mitchell summit, along Balsam Nature Loop",35.76512301,-82.26375399,1978.742065,adult,,,ectoparasite,1
29817208,UNCG:Mamm:23,Peromyscus leucopus,United States,North Carolina,"Green River Game Lands, 2.38 km S of S shore Lake Adger, off of Green River Cove Road",35.31448499,-82.246959,284.977631,adult,ectoparasite,,ectoparasite,1
29817196,UNCG:Mamm:20,Peromyscus leucopus,United States,North Carolina,"Green River Game Lands, 2.38 km S of S shore Lake Adger, off of Green River Cove Road",35.31456999,-82.24631896,285.345184,adult,ectoparasite,,ectoparasite,1
29817204,UNCG:Mamm:22,Peromyscus leucopus,United States,North Carolina,"Green River Game Lands, 2.38 km S of S shore Lake Adger, off of Green River Cove Road",35.31439899,-82.24615401,284.640137,adult,ectoparasite,,ectoparasite,1
29817200,UNCG:Mamm:21,Peromyscus leucopus,United States,North Carolina,"Green River Game Lands, 2.38 km S of S shore Lake Adger, off of Green River Cove Road",35.31439598,-82.24595804,284.811127,adult,ectoparasite,,ectoparasite,1
29842289,UNCG:Mamm:3034,Peromyscus leucopus,United States,North Carolina,"Green River Game Lands, 2.38 km S of S shore Lake Adger, off of Green River Cove Road",35.314487,-82.24541103,287.856964,adult,ectoparasite,,ectoparasite,1
29842293,UNCG:Mamm:3040,Peromyscus leucopus,United States,North Carolina,"Green River Game Lands, 2.38 km S of S shore Lake Adger, off of Green River Cove Road",35.314616,-82.24535102,305.296448,adult,ectoparasite,,ectoparasite,1
29842317,UNCG:Mamm:3041,Peromyscus,United States,North Carolina,"Green River Game Lands, 2.38 km S of S shore Lake Adger, off of Green River Cove Road",35.31454802,-82.24522202,303.488159,adult,ectoparasite,,ectoparasite,1
29816957,UNCG:Mamm:108,Peromyscus leucopus,United States,North Carolina,"Green River Game Lands, 2.38 km S of S shore Lake Adger, off of Green River Cove Road",35.31456999,-82.24518104,275.629883,adult,ectoparasite,,ectoparasite,1
29817121,UNCG:Mamm:120,Peromyscus leucopus,United States,North Carolina,"Green River Game Lands, 2.38 km S of S shore Lake Adger, off of Green River Cove Road",35.31433797,-82.24496403,284.805481,subadult,ectoparasite,ectoparasite,,1
29817037,UNCG:Mamm:24,Peromyscus leucopus,United States,North Carolina,"Green River Game Lands, 2.38 km S of S shore Lake Adger, off of Green River Cove Road",35.31423597,-82.24478499,290.910889,adult,ectoparasite,ectoparasite,,1
29817240,UNCG:Mamm:107,Peromyscus leucopus,United States,North Carolina,"Green River Game Lands, 2.38 km S of S shore Lake Adger, off of Green River Cove Road",35.31429598,-82.24471601,277.334381,adult,ectoparasite,,ectoparasite,1
29842267,UNCG:Mamm:3042,Peromyscus leucopus,United States,North Carolina,"Green River Game Lands, 2.38 km S of S shore Lake Adger, off of Green River Cove Road",35.31425801,-82.24438702,302.707855,adult,ectoparasite,,ectoparasite,1
29817252,UNCG:Mamm:119,Peromyscus leucopus,United States,North Carolina,"Green River Game Lands, 2.38 km S of S shore Lake Adger, off of Green River Cove Road",35.31400798,-82.24434997,287.415497,subadult,ectoparasite,,ectoparasite,1
29842243,UNCG:Mamm:3033,Peromyscus leucopus,United States,North Carolina,"Green River Game Lands, 2.38 km S of S shore Lake Adger, off of Green River Cove Road",35.31422901,-82.24423204,293.656219,adult,ectoparasite,,ectoparasite,1
32610840,UNCG:Mamm:796,Blarina brevicauda,United States,North Carolina,"Pisgah National Forest, 5 km SE Mt. Mitchell, along South Toe River Road",35.73222497,-82.23831098,979.438843,adult,ectoparasite,ectoparasite,endoparasite,1
,,,,,,,,,,,,,
32860049,UNCG:Mamm:805,Sorex cinereus,United States,North Carolina,"Pisgah National Forest, 5 km SE Mt. Mitchell, along South Toe River Road",35.73150999,-82.23808802,1039.013672,adult,ectoparasite,ectoparasite,endoparasite,1
32860058,UNCG:Mamm:820,Peromyscus maniculatus,United States,North Carolina,"Pisgah National Forest, 5 km SE Mt. Mitchell, along South Toe River Road",35.73150999,-82.23808802,1039.013672,subadult,ectoparasite,,ectoparasite; endoparasite,1
29858207,UNCG:Mamm:264,Sorex cinereus,United States,North Carolina,"Pisgah National Forest, 5 km SE Mount Mitchell, along South Toe River Road",35.73199002,-82.23774897,809.205994,adult,ectoparasite; endoparasite,ectoparasite,,1
32610661,UNCG:Mamm:794,Blarina brevicauda,United States,North Carolina,"Pisgah National Forest, 5 km SE Mt. Mitchell, along South Toe River Road",35.73218297,-82.23758502,963.999451,adult,ectoparasite,ectoparasite,endoparasite,1
32610675,UNCG:Mamm:810,Sorex cinereus,United States,North Carolina,"Pisgah National Forest, 5 km SE Mt. Mitchell, along South Toe River Road",35.73201399,-82.23758301,1325.555786,adult,ectoparasite,ectoparasite,endoparasite,1
,,,,,,,,,,,,,
32610725,UNCG:Mamm:811,Sorex fumeus,United States,North Carolina,"Pisgah National Forest, 5 km SE Mt. Mitchell, along South Toe River Road",35.73225598,-82.23754998,1301.473755,adult,ectoparasite,ectoparasite,endoparasite,1
,,,,,,,,,,,,,
29858422,UNCG:Mamm:3072,Sorex cinereus,United States,North Carolina,"Pisgah National Forest, 5 km SE Mount Mitchell, along South Toe River Road",35.73208298,-82.23754001,1030.278931,,,,ectoparasite,1
,UNCG:Mamm:237,Myodes gapperi,United States,North Carolina,"Pisgah National Forest, 5 km SE Mount Mitchell, along South Toe River Road",35.73233896,-82.23754001,985.28064,adult,endoparasite,,ectoparasite; endoparasite,1
29858560,UNCG:Mamm:305,Sorex cinereus,United States,North Carolina,"Pisgah National Forest, 5 km SE Mount Mitchell, along South Toe River Road",35.73234298,-82.23753104,867.85968,adult,endoparasite,,ectoparasite,1
29858311,UNCG:Mamm:231,Sorex cinereus,United States,North Carolina,"Pisgah National Forest, 5 km SE Mount Mitchell, along South Toe River Road",35.73225103,-82.23752903,1246.579102,adult,ectoparasite; endoparasite,,ectoparasite; endoparasite,1
,,,,,,,,,,,,,
29858406,UNCG:Mamm:247,Myodes gapperi,United States,North Carolina,"Pisgah National Forest, 5 km SE Mount Mitchell, along South Toe River Road",35.73236302,-82.23752802,876.362549,subadult,endoparasite,,ectoparasite; endoparasite,1
31058580,UNCG:Mamm:535,Sorex cinereus,United States,North Carolina,"Pisgah National Forest, 5 km SE Mount Mitchell, along South Toe River Road",35.73200301,-82.23751402,1064,adult,,,ectoparasite,1
29858641,UNCG:Mamm:241,Blarina brevicauda,United States,North Carolina,"Pisgah National Forest, 5 km SE Mount Mitchell, along South Toe River Road",35.73199103,-82.23750003,1057.999634,adult,endoparasite,,ectoparasite; endoparasite,1
29858219,UNCG:Mamm:266,Sorex cinereus,United States,North Carolina,"Pisgah National Forest, 5 km SE Mount Mitchell, along South Toe River Road",35.73230501,-82.23749097,907.439026,adult,endoparasite,ectoparasite,,1
29858287,UNCG:Mamm:214,Sorex cinereus,United States,North Carolina,"Pisgah National Forest, 5 km SE Mount Mitchell, along South Toe River Road",35.73227702,-82.23748896,1026.786499,adult,endoparasite,,ectoparasite; endoparasite,1
29858307,UNCG:Mamm:220,Blarina brevicauda,United States,North Carolina,"Pisgah National Forest, 5 km SE Mount Mitchell, along South Toe River Road",35.73230099,-82.23747698,1024.76416,adult,ectoparasite; endoparasite,ectoparasite,endoparasite,1
29858255,UNCG:Mamm:306,Sorex fumeus,United States,North Carolina,"Pisgah National Forest, 5 km SE Mount Mitchell, along South Toe River Road",35.73254499,-82.23746197,881.479919,adult,endoparasite,ectoparasite,,1
29858528,UNCG:Mamm:267,Sorex fumeus,United States,North Carolina,"Pisgah National Forest, 5 km SE Mount Mitchell, along South Toe River Road",35.73231599,-82.23745401,908.350647,adult,endoparasite,,ectoparasite,1
32610741,UNCG:Mamm:819,Peromyscus maniculatus,United States,North Carolina,"Pisgah National Forest, 5 km SE Mt. Mitchell, along South Toe River Road",35.73238003,-82.23744999,962.987915,subadult,ectoparasite,,ectoparasite; endoparasite,1
29858291,UNCG:Mamm:215,Sorex cinereus,United States,North Carolina,"Pisgah National Forest, 5 km SE Mount Mitchell, along South Toe River Road",35.73232898,-82.23744303,1023.188354,adult,endoparasite,,ectoparasite; endoparasite,1
31058491,UNCG:Mamm:528,Peromyscus maniculatus,United States,North Carolina,"Pisgah National Forest, 5 km SE Mount Mitchell, along South Toe River Road",35.73238296,-82.23743699,1064,adult,ectoparasite,,ectoparasite,1
29858410,UNCG:Mamm:248,Sorex cinereus,United States,North Carolina,"Pisgah National Forest, 5 km SE Mount Mitchell, along South Toe River Road",35.73256603,-82.23738201,982.631775,adult,endoparasite,,ectoparasite; endoparasite,1
29858572,UNCG:Mamm:312,Sorex fumeus,United States,North Carolina,"Pisgah National Forest, 5 km SE Mount Mitchell, along South Toe River Road",35.73252797,-82.23737597,995.429138,adult,endoparasite,ectoparasite,,1
32610832,UNCG:Mamm:816,Peromyscus maniculatus,United States,North Carolina,"Pisgah National Forest, 5 km SE Mt. Mitchell, along South Toe River Road",35.73234801,-82.23737497,980.88147,juvenile,ectoparasite,ectoparasite,endoparasite,1
32610733,UNCG:Mamm:799,Sorex cinereus,United States,North Carolina,"Pisgah National Forest, 5 km SE Mt. Mitchell, along South Toe River Road",35.73235103,-82.23737204,980.867859,,ectoparasite,ectoparasite,endoparasite,1
32610769,UNCG:Mamm:798,Sorex cinereus,United States,North Carolina,"Pisgah National Forest, 5 km SE Mt. Mitchell, along South Toe River Road",35.73235204,-82.23736902,980.853943,adult,ectoparasite,,ectoparasite; endoparasite,1
31058541,UNCG:Mamm:522,Sorex cinereus,United States,North Carolina,"Pisgah National Forest, 5 km SE Mount Mitchell, along South Toe River Road",35.73244097,-82.23735896,1064,adult,,,ectoparasite,1
32610754,UNCG:Mamm:809,Sorex fumeus,United States,North Carolina,"Pisgah National Forest, 5 km SE Mt. Mitchell, along South Toe River Road",35.73238397,-82.23735804,918.062378,adult,ectoparasite,ectoparasite,endoparasite,1
32610844,UNCG:Mamm:813,Sorex cinereus,United States,North Carolina,"Pisgah National Forest, 5 km SE Mt. Mitchell, along South Toe River Road",35.732331,-82.23734798,1256.671387,adult,ectoparasite,ectoparasite,endoparasite,1
29858540,UNCG:Mamm:268,Sorex fumeus,United States,North Carolina,"Pisgah National Forest, 5 km SE Mount Mitchell, along South Toe River Road",35.73250199,-82.23734203,923.367798,adult,endoparasite,ectoparasite,,1
29858215,UNCG:Mamm:292,Napaeozapus insignis,United States,North Carolina,"Pisgah National Forest, 5 km SE Mount Mitchell, along South Toe River Road",35.73228397,-82.23733599,897.145996,adult,ectoparasite; endoparasite,ectoparasite,endoparasite,1
31058572,UNCG:Mamm:541,Sorex cinereus,United States,North Carolina,"Pisgah National Forest, 5 km SE Mount Mitchell, along South Toe River Road",35.73250802,-82.23733398,1064,adult,,,ectoparasite,1
32610745,UNCG:Mamm:797,Blarina brevicauda,United States,North Carolina,"Pisgah National Forest, 5 km SE Mt. Mitchell, along South Toe River Road",35.732447,-82.23733398,979.185608,adult,ectoparasite,ectoparasite,endoparasite,1
29858223,UNCG:Mamm:293,Peromyscus maniculatus,United States,North Carolina,"Pisgah National Forest, 5 km SE Mount Mitchell, along South Toe River Road",35.73245597,-82.23733298,914.725647,adult,ectoparasite; endoparasite,,ectoparasite; endoparasite,1
32610681,UNCG:Mamm:818,Peromyscus maniculatus,United States,North Carolina,"Pisgah National Forest, 5 km SE Mt. Mitchell, along South Toe River Road",35.73232898,-82.23733197,1257.441284,juvenile,ectoparasite,,ectoparasite; endoparasite,1
29858275,UNCG:Mamm:313,Sorex cinereus,United States,North Carolina,"Pisgah National Forest, 5 km SE Mount Mitchell, along South Toe River Road",35.73228498,-82.23732602,993.250122,adult,endoparasite,ectoparasite,,1
,,,,,,,,,,,,,
32610849,UNCG:Mamm:804,Sorex cinereus,United States,North Carolina,"Pisgah National Forest, 5 km SE Mt. Mitchell, along South Toe River Road",35.73247097,-82.23732099,965.57373,adult,ectoparasite,,ectoparasite; endoparasite,1
31058545,UNCG:Mamm:523,Sorex cinereus,United States,North Carolina,"Pisgah National Forest, 5 km SE Mount Mitchell, along South Toe River Road",35.73212497,-82.23731797,1064,adult,,,ectoparasite,1
32610836,UNCG:Mamm:795,Blarina brevicauda,United States,North Carolina,"Pisgah National Forest, 5 km SE Mt. Mitchell, along South Toe River Road",35.73244197,-82.23731596,979.19635,adult,ectoparasite,ectoparasite,endoparasite,1
31058553,UNCG:Mamm:524,Sorex cinereus,United States,North Carolina,"Pisgah National Forest, 5 km SE Mount Mitchell, along South Toe River Road",35.73213603,-82.23730699,1064,adult,,,ectoparasite,1
29858259,UNCG:Mamm:307,Sorex cinereus,United States,North Carolina,"Pisgah National Forest, 5 km SE Mount Mitchell, along South Toe River Road",35.73248799,-82.23728897,883.148987,adult,endoparasite,ectoparasite,,1
29858362,UNCG:Mamm:239,Sorex cinereus,United States,North Carolina,"Pisgah National Forest, 5 km SE Mount Mitchell, along South Toe River Road",35.732619,-82.23727296,981.623718,adult,endoparasite,,ectoparasite; endoparasite,1
32610759,UNCG:Mamm:814,Sorex cinereus,United States,North Carolina,"Pisgah National Forest, 5 km SE Mt. Mitchell, along South Toe River Road",35.732404,-82.23726399,1209.630005,adult,ectoparasite,,ectoparasite; endoparasite,1
29858279,UNCG:Mamm:315,Peromyscus maniculatus,United States,North Carolina,"Pisgah National Forest, 5 km SE Mount Mitchell, along South Toe River Road",35.73245698,-82.237251,991.245361,subadult,ectoparasite,ectoparasite,,1
31058549,UNCG:Mamm:521,Blarina brevicauda,United States,North Carolina,"Pisgah National Forest, 5 km SE Mount Mitchell, along South Toe River Road",35.73205004,-82.237251,1064,adult,,,ectoparasite,1
,,,,,,,,,,,,,
29858303,UNCG:Mamm:219,Blarina brevicauda,United States,North Carolina,"Pisgah National Forest, 5 km SE Mount Mitchell, along South Toe River Road",35.73242697,-82.23724002,1020.143921,adult,ectoparasite; endoparasite,ectoparasite,endoparasite,1
32610737,UNCG:Mamm:821,Peromyscus maniculatus,United States,North Carolina,"Pisgah National Forest, 5 km SE Mt. Mitchell, along South Toe River Road",35.73235799,-82.23723801,963.412537,juvenile,ectoparasite,,ectoparasite; endoparasite,1
29858390,UNCG:Mamm:243,Sorex cinereus,United States,North Carolina,"Pisgah National Forest, 5 km SE Mount Mitchell, along South Toe River Road",35.73240099,-82.23723298,885.212769,adult,endoparasite,,ectoparasite; endoparasite,1
,,,,,,,,,,,,,
,,,,,,,,,,,,,
32610729,UNCG:Mamm:806,Sorex cinereus,United States,North Carolina,"Pisgah National Forest, 5 km SE Mt. Mitchell, along South Toe River Road",35.73247902,-82.23722803,929.351257,,ectoparasite,ectoparasite,endoparasite,1
32610828,UNCG:Mamm:812,Sorex fumeus,United States,North Carolina,"Pisgah National Forest, 5 km SE Mt. Mitchell, along South Toe River Road",35.73249402,-82.23719803,930.69342,adult,ectoparasite,,ectoparasite; endoparasite,1
,,,,,,,,,,,,,
32610872,UNCG:Mamm:825,Sorex cinereus,United States,North Carolina,"Pisgah National Forest, 5 km SE Mt. Mitchell, along South Toe River Road",35.73242898,-82.23716903,910.19812,adult,ectoparasite,,ectoparasite; endoparasite,1
32610749,UNCG:Mamm:807,Sorex fumeus,United States,North Carolina,"Pisgah National Forest, 5 km SE Mt. Mitchell, along South Toe River Road",35.73238196,-82.23716098,920.724792,adult,ectoparasite,ectoparasite,endoparasite,1
29858524,UNCG:Mamm:263,Sorex cinereus,United States,North Carolina,"Pisgah National Forest, 5 km SE Mount Mitchell, along South Toe River Road",35.73238003,-82.23715503,844.717285,adult,ectoparasite; endoparasite,ectoparasite; endoparasite,,1
29858267,UNCG:Mamm:310,Sorex cinereus,United States,North Carolina,"Pisgah National Forest, 5 km SE Mount Mitchell, along South Toe River Road",35.73249302,-82.23713902,990.497437,adult,ectoparasite; endoparasite,,ectoparasite,1
32610925,UNCG:Mamm:830,Sorex cinereus,United States,North Carolina,"Pisgah National Forest, 5 km SE Mount Mitchell, along South Toe River Road",35.73261699,-82.23695797,921.7005,adult,ectoparasite,,ectoparasite; endoparasite,1
31058576,UNCG:Mamm:536,Sorex cinereus,United States,North Carolina,"Pisgah National Forest, 5 km SE Mount Mitchell, along South Toe River Road",35.73277599,-82.23695202,1064,adult,,,ectoparasite,1
32610670,UNCG:Mamm:808,Sorex fumeus,United States,North Carolina,"Pisgah National Forest, 5 km SE Mt. Mitchell, along South Toe River Road",35.73261003,-82.236949,1187.171509,adult,ectoparasite,,ectoparasite; endoparasite,1
32610824,UNCG:Mamm:803,Sorex fumeus,United States,North Carolina,"Pisgah National Forest, 5 km SE Mt. Mitchell, along South Toe River Road",35.732604,-82.23694196,1186.921875,adult,ectoparasite,,ectoparasite; endoparasite,1
31058556,UNCG:Mamm:525,Sorex fumeus,United States,North Carolina,"Pisgah National Forest, 5 km SE Mount Mitchell, along South Toe River Road",35.73272704,-82.23693903,1064,adult,,ectoparasite,,1
32610930,UNCG:Mamm:828,Sorex cinereus,United States,North Carolina,"Pisgah National Forest, 5 km SE Mount Mitchell, along South Toe River Road",35.73249604,-82.23691598,919.951538,adult,ectoparasite,,ectoparasite; endoparasite,1
29858251,UNCG:Mamm:304,Sorex cinereus,United States,North Carolina,"Pisgah National Forest, 5 km SE Mount Mitchell, along South Toe River Road",35.73268002,-82.23684498,985.842346,adult,endoparasite,,ectoparasite,1
29858581,UNCG:Mamm:221,Myodes gapperi,United States,North Carolina,"Pisgah National Forest, 5 km SE Mount Mitchell, along South Toe River Road",35.732561,-82.23683199,1013.005249,subadult,endoparasite,,ectoparasite; endoparasite,1
29858568,UNCG:Mamm:311,Sorex fumeus,United States,North Carolina,"Pisgah National Forest, 5 km SE Mount Mitchell, along South Toe River Road",35.73262998,-82.23682,1000.225586,adult,endoparasite,ectoparasite,,1
29858418,UNCG:Mamm:250,Sorex fumeus,United States,North Carolina,"Pisgah National Forest, 5 km SE Mount Mitchell, along South Toe River Road",35.73263098,-82.23678597,982.227356,adult,endoparasite,,ectoparasite; endoparasite,1
32610685,UNCG:Mamm:815,Myodes gapperi,United States,North Carolina,"Pisgah National Forest, 5 km SE Mt. Mitchell, along South Toe River Road",35.73276602,-82.23674197,964.502441,adult,ectoparasite,ectoparasite,endoparasite,1
32610764,UNCG:Mamm:801,Sorex cinereus,United States,North Carolina,"Pisgah National Forest, 5 km SE Mt. Mitchell, along South Toe River Road",35.73272201,-82.23674096,976.96637,adult,ectoparasite,,ectoparasite; endoparasite,1
32610859,UNCG:Mamm:800,Sorex cinereus,United States,North Carolina,"Pisgah National Forest, 5 km SE Mt. Mitchell, along South Toe River Road",35.73272402,-82.23673702,976.978699,adult,,,,1
32610782,UNCG:Mamm:817,Peromyscus maniculatus,United States,North Carolina,"Pisgah National Forest, 5 km SE Mt. Mitchell, along South Toe River Road",35.73267298,-82.23673099,933.342407,subadult,ectoparasite,,ectoparasite; endoparasite,1
32610864,UNCG:Mamm:824,Sorex cinereus,United States,North Carolina,"Pisgah National Forest, 5 km SE Mt. Mitchell, along South Toe River Road",35.73261799,-82.23672898,989.043457,adult,ectoparasite,,ectoparasite; endoparasite,1
29858386,UNCG:Mamm:242,Myodes gapperi,United States,North Carolina,"Pisgah National Forest, 5 km SE Mount Mitchell, along South Toe River Road",35.732663,-82.23672797,902.530945,subadult,endoparasite,,ectoparasite; endoparasite,1
29858402,UNCG:Mamm:246,Sorex cinereus,United States,North Carolina,"Pisgah National Forest, 5 km SE Mount Mitchell, along South Toe River Road",35.73268102,-82.23670903,982.248474,adult,endoparasite,,ectoparasite; endoparasite,1
29858414,UNCG:Mamm:249,Myodes gapperi,United States,North Carolina,"Pisgah National Forest, 5 km SE Mount Mitchell, along South Toe River Road",35.73268102,-82.23670903,982.248474,subadult,endoparasite,,ectoparasite; endoparasite,1
29858548,UNCG:Mamm:265,Sorex fumeus,United States,North Carolina,"Pisgah National Forest, 5 km SE Mount Mitchell, along South Toe River Road",35.73263501,-82.23670802,884.620117,adult,endoparasite,,ectoparasite,1
31058564,UNCG:Mamm:543,Sorex fumeus,United States,North Carolina,"Pisgah National Forest, 5 km SE Mount Mitchell, along South Toe River Road",35.73265697,-82.23669897,1064,adult,,,ectoparasite,1
31058560,UNCG:Mamm:544,Blarina brevicauda,United States,North Carolina,"Pisgah National Forest, 5 km SE Mount Mitchell, along South Toe River Road",35.73265596,-82.23669302,1064,adult,,,ectoparasite,1
29858601,UNCG:Mamm:236,Sorex cinereus,United States,North Carolina,"Pisgah National Forest, 5 km SE Mount Mitchell, along South Toe River Road",35.73261699,-82.23666402,1039.560303,adult,endoparasite,,ectoparasite; endoparasite,1
31058489,UNCG:Mamm:545,Blarina brevicauda,United States,North Carolina,"Pisgah National Forest, 5 km SE Mount Mitchell, along South Toe River Road",35.73262403,-82.23665798,1064,adult,,,ectoparasite,1
29858556,UNCG:Mamm:294,Peromyscus maniculatus,United States,North Carolina,"Pisgah National Forest, 5 km SE Mount Mitchell, along South Toe River Road",35.73271698,-82.23662999,899.762573,adult,ectoparasite; endoparasite,ectoparasite; endoparasite,,1
29858374,UNCG:Mamm:240,Sorex fumeus,United States,North Carolina,"Pisgah National Forest, 5 km SE Mount Mitchell, along South Toe River Road",35.73270097,-82.23656402,1033.317993,adult,endoparasite,,ectoparasite; endoparasite,1
29858247,UNCG:Mamm:296,Peromyscus maniculatus,United States,North Carolina,"Pisgah National Forest, 5 km SE Mount Mitchell, along South Toe River Road",35.73297104,-82.23655899,917.198303,subadult,ectoparasite; endoparasite,ectoparasite,endoparasite,1
29858243,UNCG:Mamm:295,Peromyscus maniculatus,United States,North Carolina,"Pisgah National Forest, 5 km SE Mount Mitchell, along South Toe River Road",35.73297598,-82.23652496,913.700134,adult,ectoparasite; endoparasite,ectoparasite,endoparasite,1
31058568,UNCG:Mamm:542,Sorex fumeus,United States,North Carolina,"Pisgah National Forest, 5 km SE Mount Mitchell, along South Toe River Road",35.732791,-82.23644097,1064,adult,,,ectoparasite,1
29858576,UNCG:Mamm:316,Blarina brevicauda,United States,North Carolina,"Pisgah National Forest, 5 km SE Mount Mitchell, along South Toe River Road",35.73269301,-82.23643997,991.667969,adult,ectoparasite; endoparasite,ectoparasite,endoparasite,1
31058588,UNCG:Mamm:531,Peromyscus maniculatus,United States,North Carolina,"Pisgah National Forest, 5 km SE Mount Mitchell, along South Toe River Road",35.732734,-82.23642496,1064,juvenile,ectoparasite,,ectoparasite,1
29858203,UNCG:Mamm:262,Sorex cinereus,United States,North Carolina,"Pisgah National Forest, 5 km SE Mount Mitchell, along South Toe River Road",35.73211298,-82.23498596,809.502197,adult,ectoparasite; endoparasite,ectoparasite; endoparasite,,1
29858597,UNCG:Mamm:232,Blarina brevicauda,United States,North Carolina,"Pisgah National Forest, 5 km SE Mount Mitchell, along South Toe River Road",35.73089601,-82.23375399,1349.8479,adult,endoparasite,,ectoparasite; endoparasite,1
32610880,UNCG:Mamm:791,Blarina brevicauda,United States,North Carolina,"Pisgah National Forest, 4.51 km SE Mt. Mitchell, meadow off of South Toe River Road",35.74086696,-82.22970201,936.125183,adult,ectoparasite,ectoparasite,endoparasite,1
32610974,UNCG:Mamm:3130,Peromyscus,United States,North Carolina,"Pisgah National Forest, 4.51 km SE Mt. Mitchell, meadow off of South Toe River Road",35.74082002,-82.229629,935.620544,adult,,,ectoparasite; endoparasite,1
32610976,UNCG:Mamm:3138,Peromyscus leucopus,United States,North Carolina,"Pisgah National Forest, 4.51 km SE Mt. Mitchell, meadow off of South Toe River Road",35.74072002,-82.22959799,938.568298,subadult,,,ectoparasite; endoparasite,1
32610778,UNCG:Mamm:834,Sylvilagus floridanus,United States,North Carolina,"Pisgah National Forest, 4.51 km SE Mt. Mitchell, meadow off of South Toe River Road",35.74096402,-82.229427,942.927368,subadult,ectoparasite,ectoparasite,endoparasite,1
32610907,UNCG:Mamm:3136,Peromyscus maniculatus,United States,North Carolina,"Pisgah National Forest, 4.51 km SE Mt. Mitchell, meadow off of South Toe River Road",35.74108204,-82.22936598,1085.441162,juvenile,,ectoparasite,endoparasite,1
32610921,UNCG:Mamm:3125,Peromyscus,United States,North Carolina,"Pisgah National Forest, 4.5 km ESE Mount Mitchell, along South Toe River Road",35.751775,-82.21832198,980.998962,adult,,,ectoparasite; endoparasite,1
32610890,UNCG:Mamm:832,Peromyscus leucopus,United States,North Carolina,"Pisgah National Forest, 4.5 km ESE Mount Mitchell, along South Toe River Road",35.75177902,-82.21823498,910.776062,adult,ectoparasite,,ectoparasite; endoparasite,1
31358795,UNCG:Mamm:564,Sorex cinereus,United States,North Carolina,"Pisgah National Forest, 4.5 km ESE Mount Mitchell, along South Toe River Road",35.75196602,-82.21823003,894.525513,adult,endoparasite,,ectoparasite,1
32610794,UNCG:Mamm:3131,Peromyscus maniculatus,United States,North Carolina,"Pisgah National Forest, 4.5 km ESE Mount Mitchell, along South Toe River Road",35.75192696,-82.21815803,894.117371,adult,,ectoparasite,endoparasite,1
32610790,UNCG:Mamm:3139,Peromyscus leucopus,United States,North Carolina,"Pisgah National Forest, 4.5 km ESE Mount Mitchell, along South Toe River Road",35.75151399,-82.21813297,977.565796,subadult,,,ectoparasite; endoparasite,1
29858486,UNCG:Mamm:298,Microtus pennsylvanicus,United States,North Carolina,"Pisgah National Forest, 4.5 km ESE Mount Mitchell, along South Toe River Road",35.75171297,-82.21806499,946.969666,adult,ectoparasite; endoparasite,ectoparasite,endoparasite,1
29858235,UNCG:Mamm:235,Myodes gapperi,United States,North Carolina,"Pisgah National Forest, 4.5 km ESE Mount Mitchell, along South Toe River Road",35.75181004,-82.21800196,903.3797,adult,ectoparasite; endoparasite,ectoparasite,endoparasite,1
29858552,UNCG:Mamm:233,Microtus pennsylvanicus,United States,North Carolina,"Pisgah National Forest, 4.5 km ESE Mount Mitchell, along South Toe River Road",35.75181004,-82.21800196,903.3797,adult,ectoparasite; endoparasite,ectoparasite,endoparasite,1
32610695,UNCG:Mamm:823,Peromyscus maniculatus,United States,North Carolina,"Pisgah National Forest, 4.5 km ESE Mount Mitchell, along South Toe River Road",35.75210399,-82.21797396,906.759033,adult,ectoparasite,ectoparasite,endoparasite,1
29858532,UNCG:Mamm:223,Microtus pennsylvanicus,United States,North Carolina,"Pisgah National Forest, 4.5 km ESE Mount Mitchell, along South Toe River Road",35.751487,-82.21794899,916.802063,subadult,endoparasite,ectoparasite,endoparasite,1
29858458,UNCG:Mamm:317,Synaptomys cooperi,United States,North Carolina,"Pisgah National Forest, 4.5 km ESE Mount Mitchell, along South Toe River Road",35.75166503,-82.21790699,935.33606,adult,ectoparasite; endoparasite,ectoparasite,endoparasite,1
29858536,UNCG:Mamm:224,Microtus pennsylvanicus,United States,North Carolina,"Pisgah National Forest, 4.5 km ESE Mount Mitchell, along South Toe River Road",35.75147602,-82.21790004,916.893494,subadult,endoparasite,ectoparasite,endoparasite,1
29858231,UNCG:Mamm:225,Microtus pennsylvanicus,United States,North Carolina,"Pisgah National Forest, 4.5 km ESE Mount Mitchell, along South Toe River Road",35.751459,-82.21787204,915.578247,subadult,endoparasite,ectoparasite,endoparasite,1
32610792,UNCG:Mamm:3141,Peromyscus leucopus,United States,North Carolina,"Pisgah National Forest, 4.5 km ESE Mount Mitchell, along South Toe River Road",35.75135004,-82.21786299,970.337891,subadult,,,ectoparasite; endoparasite,1
32610690,UNCG:Mamm:822,Peromyscus maniculatus,United States,North Carolina,"Pisgah National Forest, 4.5 km ESE Mount Mitchell, along South Toe River Road",35.75140997,-82.21781001,965.765625,adult,ectoparasite,ectoparasite,endoparasite,1
32610876,UNCG:Mamm:792,Blarina brevicauda,United States,North Carolina,"Pisgah National Forest, 4.5 km ESE Mount Mitchell, along South Toe River Road",35.75174399,-82.21779501,892.214355,adult,ectoparasite,ectoparasite,endoparasite,1
29858211,UNCG:Mamm:210,Microtus pennsylvanicus,United States,North Carolina,"Pisgah National Forest, 4.5 km ESE Mount Mitchell, along South Toe River Road",35.75174399,-82.21775704,951.80896,juvenile,ectoparasite; endoparasite,ectoparasite,endoparasite,1
29858520,UNCG:Mamm:209,Microtus pennsylvanicus,United States,North Carolina,"Pisgah National Forest, 4.5 km ESE Mount Mitchell, along South Toe River Road",35.75138499,-82.21774396,948.944214,juvenile,ectoparasite; endoparasite,ectoparasite,endoparasite,1
31358791,UNCG:Mamm:560,Sorex fumeus,United States,North Carolina,"Pisgah National Forest, 4.5 km ESE Mount Mitchell, along South Toe River Road",35.75152203,-82.21772703,973.039124,adult,ectoparasite; endoparasite,ectoparasite,,1
29858544,UNCG:Mamm:226,Peromyscus leucopus,United States,North Carolina,"Pisgah National Forest, 4.5 km ESE Mount Mitchell, along South Toe River Road",35.75129799,-82.21769602,914.963379,adult,ectoparasite; endoparasite,,ectoparasite; endoparasite,1
31358921,UNCG:Mamm:557,Blarina brevicauda,United States,North Carolina,"Pisgah National Forest, 4.5 km ESE Mount Mitchell, along South Toe River Road",35.75128701,-82.21766903,904.832275,adult,ectoparasite; endoparasite,,ectoparasite,1
31358763,UNCG:Mamm:553,Sorex fumeus,United States,North Carolina,"Pisgah National Forest, 4.5 km ESE Mount Mitchell, along South Toe River Road",35.75125197,-82.21764204,902.624207,adult,ectoparasite; endoparasite,ectoparasite,,1
29858199,UNCG:Mamm:208,Synaptomys cooperi,United States,North Carolina,"Pisgah National Forest, 4.5 km ESE Mount Mitchell, along South Toe River Road",35.75123697,-82.217591,944.27063,adult,ectoparasite; endoparasite,,ectoparasite; endoparasite,1
32610923,UNCG:Mamm:3140,Peromyscus maniculatus,United States,North Carolina,"Pisgah National Forest, 4.5 km ESE Mount Mitchell, along South Toe River Road",35.75127401,-82.21754297,962.454834,adult,,,ectoparasite; endoparasite,1
32610917,UNCG:Mamm:3135,Peromyscus leucopus,United States,North Carolina,"Pisgah National Forest, 4.5 km ESE Mount Mitchell, along South Toe River Road",35.75150602,-82.21753903,891.160034,subadult,,,ectoparasite; endoparasite,1
32610885,UNCG:Mamm:831,Blarina brevicauda,United States,North Carolina,"Pisgah National Forest, 4.5 km ESE Mount Mitchell, along South Toe River Road",35.75124401,-82.21752897,901.68689,adult,ectoparasite,ectoparasite,endoparasite,1
29858490,UNCG:Mamm:285,Blarina brevicauda,United States,North Carolina,"Pisgah National Forest, 4.5 km ESE Mount Mitchell, along South Toe River Road",35.75112096,-82.21752201,920.726379,adult,ectoparasite; endoparasite,,ectoparasite,1
32610786,UNCG:Mamm:3137,Peromyscus leucopus,United States,North Carolina,"Pisgah National Forest, 4.5 km ESE Mount Mitchell, along South Toe River Road",35.75124904,-82.21751598,961.197083,adult,,,ectoparasite; endoparasite,1
31358807,UNCG:Mamm:600,Blarina brevicauda,United States,North Carolina,"Pisgah National Forest, 4.5 km ESE Mount Mitchell, along South Toe River Road",35.75116304,-82.21745202,890.420593,adult,,,ectoparasite,1
32610919,UNCG:Mamm:3132,Peromyscus maniculatus,United States,North Carolina,"Pisgah National Forest, 4.5 km ESE Mount Mitchell, along South Toe River Road",35.75152698,-82.21745001,893.286621,adult,,,ectoparasite; endoparasite,1
31358799,UNCG:Mamm:583,Sorex cinereus,United States,North Carolina,"Pisgah National Forest, 4.5 km ESE Mount Mitchell, along South Toe River Road",35.75116103,-82.21744901,890.467041,adult,endoparasite,ectoparasite,,1
31358803,UNCG:Mamm:591,Blarina brevicauda,United States,North Carolina,"Pisgah National Forest, 4.5 km ESE Mount Mitchell, along South Toe River Road",35.75116103,-82.21744498,890.464844,adult,endoparasite,ectoparasite,,1
29858227,UNCG:Mamm:218,Sorex fumeus,United States,North Carolina,"Pisgah National Forest, 4.5 km ESE Mount Mitchell, along South Toe River Road",35.75183803,-82.21743702,924.869263,adult,endoparasite,,ectoparasite; endoparasite,1
31358925,UNCG:Mamm:602,Blarina brevicauda,United States,North Carolina,"Pisgah National Forest, 4.5 km ESE Mount Mitchell, along South Toe River Road",35.75095198,-82.21725203,916.577637,adult,,,ectoparasite,1
31358787,UNCG:Mamm:558,Blarina brevicauda,United States,North Carolina,"Pisgah National Forest, 4.5 km ESE Mount Mitchell, along South Toe River Road",35.75096204,-82.21719696,902.421448,subadult,ectoparasite; endoparasite,,ectoparasite,1
29858462,UNCG:Mamm:318,Peromyscus maniculatus,United States,North Carolina,"Pisgah National Forest, 4.5 km ESE Mount Mitchell, along South Toe River Road",35.75100998,-82.21711599,929.938599,adult,ectoparasite; endoparasite,ectoparasite,endoparasite,1
29858494,UNCG:Mamm:299,Peromyscus maniculatus,United States,North Carolina,"Pisgah National Forest, 4.5 km ESE Mount Mitchell, along South Toe River Road",35.75052098,-82.21678197,918.901428,adult,endoparasite,,ectoparasite; endoparasite,1
30146251,UNCG:Mamm:446,Sorex cinereus,United States,North Carolina,"Pisgah National Forest, 5 km ESE Mount Mitchell, forest edge near junction of South Toe River Road and Forest Service Road 2074",35.74238601,-82.21622097,939.528259,adult,,ectoparasite,,1
,,,,,,,,,,,,,
30488488,UNCG:Mamm:495,Sorex fumeus,United States,North Carolina,"Pisgah National Forest, 5 km ESE Mount Mitchell, forest edge near junction of South Toe River Road and Forest Service Road 2074",35.74277996,-82.21603397,967,adult,,,ectoparasite,1
30488477,UNCG:Mamm:492,Sorex cinereus,United States,North Carolina,"Pisgah National Forest, 5 km ESE Mount Mitchell, forest edge near junction of South Toe River Road and Forest Service Road 2074",35.74278197,-82.21601503,967,adult,,,ectoparasite,1
30488416,UNCG:Mamm:491,Napaeozapus insignis,United States,North Carolina,"Pisgah National Forest, 5 km ESE Mount Mitchell, forest edge near junction of South Toe River Road and Forest Service Road 2074",35.74292304,-82.21591302,966,adult,,,ectoparasite,1
30488412,UNCG:Mamm:489,Peromyscus maniculatus,United States,North Carolina,"Pisgah National Forest, 5 km ESE Mount Mitchell, forest edge near junction of South Toe River Road and Forest Service Road 2074",35.74285598,-82.215851,967,adult,,,ectoparasite,1
30488473,UNCG:Mamm:490,Sorex cinereus,United States,North Carolina,"Pisgah National Forest, 5 km ESE Mount Mitchell, forest edge near junction of South Toe River Road and Forest Service Road 2074",35.74285598,-82.215851,967,adult,,,ectoparasite,1
,,,,,,,,,,,,,
30488465,UNCG:Mamm:486,Blarina brevicauda,United States,North Carolina,"Pisgah National Forest, 5 km ESE Mount Mitchell, forest edge near junction of South Toe River Road and Forest Service Road 2074",35.74293897,-82.21584203,967,subadult,,,ectoparasite,1
,,,,,,,,,,,,,
31058453,UNCG:Mamm:520,Sorex cinereus,United States,North Carolina,"Pisgah National Forest, 5 km ESE Mount Mitchell, forest edge near junction of South Toe River Road and Forest Service Road 2074",35.74279999,-82.21582401,927,adult,,,ectoparasite,1
31058485,UNCG:Mamm:526,Sorex fumeus,United States,North Carolina,"Pisgah National Forest, 5 km SE Mount Mitchell, along South Toe River Road",35.74279999,-82.21582401,1064,adult,,,ectoparasite,1
30488457,UNCG:Mamm:481,Napaeozapus insignis,United States,North Carolina,"Pisgah National Forest, 5 km ESE Mount Mitchell, forest edge near junction of South Toe River Road and Forest Service Road 2074",35.74218401,-82.21579098,965,adult,endoparasite,,ectoparasite; endoparasite,1
,,,,,,,,,,,,,
30488392,UNCG:Mamm:480,Sorex fumeus,United States,North Carolina,"Pisgah National Forest, 5 km ESE Mount Mitchell, forest edge near junction of South Toe River Road and Forest Service Road 2074",35.74237101,-82.21574698,964,adult,,,ectoparasite,1
29858271,UNCG:Mamm:228,Peromyscus maniculatus,United States,North Carolina,"Pisgah National Forest, 5 km ESE Mount Mitchell, meadow near junction of South Toe River Road and Forest Service Road 2074",35.74336099,-82.21574496,948.637451,adult,ectoparasite; endoparasite,ectoparasite,endoparasite,1
30406536,UNCG:Mamm:456,Sorex cinereus,United States,North Carolina,"Pisgah National Forest, 5 km ESE Mount Mitchell, forest edge near junction of South Toe River Road and Forest Service Road 2074",35.74192802,-82.21573801,953,adult,endoparasite,ectoparasite,endoparasite,1
30406512,UNCG:Mamm:458,Sorex fumeus,United States,North Carolina,"Pisgah National Forest, 5 km ESE Mount Mitchell, forest edge near junction of South Toe River Road and Forest Service Road 2074",35.74183499,-82.21571404,957,adult,ectoparasite; endoparasite,ectoparasite,endoparasite,1
30488400,UNCG:Mamm:484,Sorex fumeus,United States,North Carolina,"Pisgah National Forest, 5 km ESE Mount Mitchell, forest edge near junction of South Toe River Road and Forest Service Road 2074",35.74239196,-82.21570901,961,adult,,,ectoparasite,1
30488422,UNCG:Mamm:499,Sorex fumeus,United States,North Carolina,"Pisgah National Forest, 5 km ESE Mount Mitchell, forest edge near junction of South Toe River Road and Forest Service Road 2074",35.74225802,-82.21569199,964,subadult,,,ectoparasite,1
,,,,,,,,,,,,,
,,,,,,,,,,,,,
30488461,UNCG:Mamm:482,Sorex cinereus,United States,North Carolina,"Pisgah National Forest, 5 km ESE Mount Mitchell, forest edge near junction of South Toe River Road and Forest Service Road 2074",35.74233999,-82.21568897,964,adult,,,ectoparasite,1
30488396,UNCG:Mamm:483,Sorex fumeus,United States,North Carolina,"Pisgah National Forest, 5 km ESE Mount Mitchell, forest edge near junction of South Toe River Road and Forest Service Road 2074",35.74240596,-82.21566601,964,adult,,,ectoparasite,1
30146255,UNCG:Mamm:445,Sorex cinereus,United States,North Carolina,"Pisgah National Forest, 5 km ESE Mount Mitchell, forest edge near junction of South Toe River Road and Forest Service Road 2074",35.74236698,-82.21563399,943.66449,adult,,ectoparasite,,1
32610818,UNCG:Mamm:3148,Peromyscus,United States,North Carolina,"Pisgah National Forest, 5 km ESE Mount Mitchell, meadow near junction of South Toe River Road and Forest Service Road 2074",35.74562998,-82.21561404,916.517151,subadult,,,ectoparasite; endoparasite,1
29858645,UNCG:Mamm:302,Microtus pennsylvanicus,United States,North Carolina,"Pisgah National Forest, 5 km ESE Mount Mitchell, meadow near junction of South Toe River Road and Forest Service Road 2074",35.74540903,-82.21561102,940.617249,adult,ectoparasite; endoparasite,ectoparasite,endoparasite,1
31358867,UNCG:Mamm:596,Peromyscus maniculatus,United States,North Carolina,"Pisgah National Forest, 5 km ESE Mount Mitchell, forest edge near junction of South Toe River Road and Forest Service Road 2074",35.743717,-82.215582,927,subadult,,,ectoparasite,1
30488434,UNCG:Mamm:500,Sorex cinereus,United States,North Carolina,"Pisgah National Forest, 5 km ESE Mount Mitchell, forest edge near junction of South Toe River Road and Forest Service Road 2074",35.74242398,-82.21557297,965,adult,,,ectoparasite,1
,,,,,,,,,,,,,
30488491,UNCG:Mamm:502,Sorex fumeus,United States,North Carolina,"Pisgah National Forest, 5 km ESE Mount Mitchell, forest edge near junction of South Toe River Road and Forest Service Road 2074",35.74242398,-82.21557297,965,adult,,,ectoparasite,1
30488404,UNCG:Mamm:485,Sorex cinereus,United States,North Carolina,"Pisgah National Forest, 5 km ESE Mount Mitchell, forest edge near junction of South Toe River Road and Forest Service Road 2074",35.74241401,-82.21556299,965,adult,,,ectoparasite,1
31358863,UNCG:Mamm:593,Peromyscus maniculatus,United States,North Carolina,"Pisgah National Forest, 5 km ESE Mount Mitchell, forest edge near junction of South Toe River Road and Forest Service Road 2074",35.742422,-82.21554,927,adult,,,ectoparasite,1
30406540,UNCG:Mamm:449,Sorex fumeus,United States,North Carolina,"Pisgah National Forest, 5.28 km SE Mount Mitchell, along Big Lost Cove Creek off of South Toe River Road",35.74242398,-82.21553902,933,adult,ectoparasite; endoparasite,ectoparasite,endoparasite,1
29858263,UNCG:Mamm:227,Peromyscus leucopus,United States,North Carolina,"Pisgah National Forest, 5 km ESE Mount Mitchell, meadow near junction of South Toe River Road and Forest Service Road 2074",35.74346703,-82.21553097,951.916748,adult,ectoparasite; endoparasite,ectoparasite,endoparasite,1
,,,,,,,,,,,,,
31058592,UNCG:Mamm:527,Blarina brevicauda,United States,North Carolina,"Pisgah National Forest, 5 km SE Mount Mitchell, along South Toe River Road",35.74243999,-82.21552997,1064,adult,ectoparasite,ectoparasite,,1
31058600,UNCG:Mamm:3081,Sorex fumeus,United States,North Carolina,"Pisgah National Forest, 5 km SE Mount Mitchell, along South Toe River Road",35.74243999,-82.21552997,1064,adult,ectoparasite,ectoparasite,,1
30488419,UNCG:Mamm:494,Sorex cinereus,United States,North Carolina,"Pisgah National Forest, 5 km ESE Mount Mitchell, forest edge near junction of South Toe River Road and Forest Service Road 2074",35.74244997,-82.21552896,965,adult,,,ectoparasite,1
32610909,UNCG:Mamm:3127,Peromyscus,United States,North Carolina,"Pisgah National Forest, 5 km ESE Mount Mitchell, meadow near junction of South Toe River Road and Forest Service Road 2074",35.744411,-82.21548303,924.377747,adult,,,ectoparasite; endoparasite,1
32610822,UNCG:Mamm:3143,Peromyscus leucopus,United States,North Carolina,"Pisgah National Forest, 5 km ESE Mount Mitchell, meadow near junction of South Toe River Road and Forest Service Road 2074",35.74458601,-82.21535998,922.226074,adult,,ectoparasite,endoparasite,1
32610986,UNCG:Mamm:3145,Peromyscus maniculatus,United States,North Carolina,"Pisgah National Forest, 5 km ESE Mount Mitchell, meadow near junction of South Toe River Road and Forest Service Road 2074",35.74510502,-82.215334,877.792358,subadult,,,ectoparasite; endoparasite,1
31348448,UNCG:Mamm:552,Sorex cinereus,United States,North Carolina,"Pisgah National Forest, 5 km ESE Mount Mitchell, forest edge near junction of South Toe River Road and Forest Service Road 2074",35.74391403,-82.21527197,933.002686,adult,ectoparasite; endoparasite,ectoparasite,,1
32610814,UNCG:Mamm:3149,Peromyscus maniculatus,United States,North Carolina,"Pisgah National Forest, 5 km ESE Mount Mitchell, meadow near junction of South Toe River Road and Forest Service Road 2074",35.74516998,-82.21519503,882.366028,subadult,,,ectoparasite; endoparasite,1
29858633,UNCG:Mamm:314,Microtus pennsylvanicus,United States,North Carolina,"Pisgah National Forest, 5 km ESE Mount Mitchell, meadow near junction of South Toe River Road and Forest Service Road 2074",35.74468902,-82.21518497,913.57373,adult,ectoparasite; endoparasite,ectoparasite,endoparasite,1
29858478,UNCG:Mamm:319,Synaptomys cooperi,United States,North Carolina,"Pisgah National Forest, 5 km ESE Mount Mitchell, meadow near junction of South Toe River Road and Forest Service Road 2074",35.74499899,-82.21518296,936.769714,subadult,ectoparasite,ectoparasite,,1
29858466,UNCG:Mamm:300,Microtus pennsylvanicus,United States,North Carolina,"Pisgah National Forest, 5 km ESE Mount Mitchell, meadow near junction of South Toe River Road and Forest Service Road 2074",35.74462004,-82.21516997,944.489319,adult,ectoparasite; endoparasite,ectoparasite,endoparasite,1
29858239,UNCG:Mamm:211,Peromyscus maniculatus,United States,North Carolina,"Pisgah National Forest, 5 km ESE Mount Mitchell, meadow near junction of South Toe River Road and Forest Service Road 2074",35.74375897,-82.21516603,861.54541,subadult,ectoparasite; endoparasite,,ectoparasite; endoparasite,1
32610911,UNCG:Mamm:3133,Peromyscus maniculatus,United States,North Carolina,"Pisgah National Forest, 5 km ESE Mount Mitchell, meadow near junction of South Toe River Road and Forest Service Road 2074",35.74512798,-82.215104,937.723633,juvenile,,,ectoparasite; endoparasite,1
32610700,UNCG:Mamm:833,Ochrotomys nuttalli,United States,North Carolina,"Pisgah National Forest, 5 km ESE Mount Mitchell, meadow near junction of South Toe River Road and Forest Service Road 2074",35.74514299,-82.21509998,926.179688,adult,ectoparasite,ectoparasite,endoparasite,1
32860155,UNCG:Mamm:855,Peromyscus maniculatus,United States,North Carolina,"Pisgah National Forest, 5 km ESE Mount Mitchell, meadow near junction of South Toe River Road and Forest Service Road 2074",35.74516797,-82.21509503,881.805603,subadult,ectoparasite,,ectoparasite; endoparasite,1
29858474,UNCG:Mamm:303,Sigmodon hispidus,United States,North Carolina,"Pisgah National Forest, 5 km ESE Mount Mitchell, meadow near junction of South Toe River Road and Forest Service Road 2074",35.74456003,-82.21509201,944.912109,adult,ectoparasite; endoparasite,ectoparasite,endoparasite,1
32610913,UNCG:Mamm:3128,Peromyscus maniculatus,United States,North Carolina,"Pisgah National Forest, 5 km ESE Mount Mitchell, meadow near junction of South Toe River Road and Forest Service Road 2074",35.74418996,-82.21494801,957.204895,adult,,,ectoparasite; endoparasite,1
,,,,,,,,,,,,,
32610978,UNCG:Mamm:3126,Peromyscus maniculatus,United States,North Carolina,"Pisgah National Forest, 5 km ESE Mount Mitchell, meadow near junction of South Toe River Road and Forest Service Road 2074",35.74420597,-82.21492304,954.181458,adult,,,ectoparasite; endoparasite,1
32610720,UNCG:Mamm:853,Ochrotomys nuttalli,United States,North Carolina,"Pisgah National Forest, 5 km ESE Mount Mitchell, meadow near junction of South Toe River Road and Forest Service Road 2074",35.745231,-82.21492203,844.087952,adult,ectoparasite,,ectoparasite; endoparasite,1
29858283,UNCG:Mamm:229,Microtus pennsylvanicus,United States,North Carolina,"Pisgah National Forest, 5 km ESE Mount Mitchell, meadow near junction of South Toe River Road and Forest Service Road 2074",35.74508599,-82.214903,926.414856,subadult,ectoparasite; endoparasite,ectoparasite,endoparasite,1
30146239,UNCG:Mamm:439,Sorex fumeus,United States,North Carolina,"Pisgah National Forest, 5 km ESE Mount Mitchell, forest edge near junction of South Toe River Road and Forest Service Road 2074",35.74310602,-82.21485103,937.448547,adult,,,ectoparasite,1
29858564,UNCG:Mamm:222,Microtus pennsylvanicus,United States,North Carolina,"Pisgah National Forest, 5 km ESE Mount Mitchell, meadow near junction of South Toe River Road and Forest Service Road 2074",35.74500804,-82.21473503,927.174805,subadult,endoparasite,ectoparasite,endoparasite,1
32610774,UNCG:Mamm:793,Blarina brevicauda,United States,North Carolina,"Pisgah National Forest, 5 km ESE Mount Mitchell, meadow near junction of South Toe River Road and Forest Service Road 2074",35.74506897,-82.21473402,937.837708,adult,ectoparasite,ectoparasite,endoparasite,1
32610990,UNCG:Mamm:3146,Peromyscus maniculatus,United States,North Carolina,"Pisgah National Forest, 5 km ESE Mount Mitchell, meadow near junction of South Toe River Road and Forest Service Road 2074",35.74536704,-82.21472296,926.141541,adult,,ectoparasite,endoparasite,1
29858482,UNCG:Mamm:320,Microtus pennsylvanicus,United States,North Carolina,"Pisgah National Forest, 5 km ESE Mount Mitchell, meadow near junction of South Toe River Road and Forest Service Road 2074",35.744857,-82.21471399,938.625427,subadult,ectoparasite,ectoparasite,,1
32610988,UNCG:Mamm:3151,Peromyscus maniculatus,United States,North Carolina,"Pisgah National Forest, 5 km ESE Mount Mitchell, meadow near junction of South Toe River Road and Forest Service Road 2074",35.74546997,-82.21470502,964.914307,subadult,,,ectoparasite; endoparasite,1
32610816,UNCG:Mamm:3150,Peromyscus maniculatus,United States,North Carolina,"Pisgah National Forest, 5 km ESE Mount Mitchell, meadow near junction of South Toe River Road and Forest Service Road 2074",35.74518196,-82.21464702,840.702942,subadult,,,ectoparasite; endoparasite,1
29858470,UNCG:Mamm:301,Microtus pennsylvanicus,United States,North Carolina,"Pisgah National Forest, 5 km ESE Mount Mitchell, meadow near junction of South Toe River Road and Forest Service Road 2074",35.74454402,-82.21461601,950.765015,adult,ectoparasite,ectoparasite,,1
32610982,UNCG:Mamm:3147,Peromyscus maniculatus,United States,North Carolina,"Pisgah National Forest, 5 km ESE Mount Mitchell, meadow near junction of South Toe River Road and Forest Service Road 2074",35.74519202,-82.21456203,846.737061,adult,,,ectoparasite; endoparasite,1
32610984,UNCG:Mamm:3152,Peromyscus maniculatus,United States,North Carolina,"Pisgah National Forest, 5 km ESE Mount Mitchell, meadow near junction of South Toe River Road and Forest Service Road 2074",35.74513,-82.21455901,835.930359,adult,,,ectoparasite; endoparasite,1
32610665,UNCG:Mamm:854,Ochrotomys nuttalli,United States,North Carolina,"Pisgah National Forest, 5 km ESE Mount Mitchell, meadow near junction of South Toe River Road and Forest Service Road 2074",35.74492598,-82.21450604,925.547913,adult,ectoparasite,ectoparasite,endoparasite,1
32610935,UNCG:Mamm:827,Sorex cinereus,United States,North Carolina,"Pisgah National Forest, 5 km ESE Mount Mitchell, meadow near junction of South Toe River Road and Forest Service Road 2074",35.74492598,-82.21450604,925.547913,adult,ectoparasite,ectoparasite,endoparasite,1
30488480,UNCG:Mamm:493,Sorex cinereus,United States,North Carolina,"Pisgah National Forest, 5 km ESE Mount Mitchell, forest edge near junction of South Toe River Road and Forest Service Road 2074",35.74495699,-82.21443404,980,adult,,,ectoparasite,1
30146271,UNCG:Mamm:447,Sorex fumeus,United States,North Carolina,"Pisgah National Forest, 5.31 km ESE Mount Mitchell, along South Toe River Road at Big Lost Cove Creek, 2024 South Toe River Road",35.74959403,-82.21371797,904.941406,adult,ectoparasite,ectoparasite,,1
30146243,UNCG:Mamm:443,Peromyscus leucopus,United States,North Carolina,"Pisgah National Forest, 5.31 km ESE Mount Mitchell, along South Toe River Road at Big Lost Cove Creek, 2024 South Toe River Road",35.74949797,-82.21367598,899.51355,adult,ectoparasite,,ectoparasite,1
30146267,UNCG:Mamm:442,Peromyscus leucopus,United States,North Carolina,"Pisgah National Forest, 5.31 km ESE Mount Mitchell, along South Toe River Road at Big Lost Cove Creek, 2024 South Toe River Road",35.74942304,-82.21361797,899.606445,adult,ectoparasite,ectoparasite,,1
30146263,UNCG:Mamm:441,Peromyscus leucopus,United States,North Carolina,"Pisgah National Forest, 5.31 km ESE Mount Mitchell, along South Toe River Road at Big Lost Cove Creek, 2024 South Toe River Road",35.74943603,-82.21361001,899.590088,adult,ectoparasite,,ectoparasite,1
30146259,UNCG:Mamm:440,Sorex fumeus,United States,North Carolina,"Pisgah National Forest, 5.31 km ESE Mount Mitchell, along South Toe River Road at Big Lost Cove Creek, 2024 South Toe River Road",35.74937903,-82.21356902,899.588013,adult,,ectoparasite,,1
31358929,UNCG:Mamm:590,Blarina brevicauda,United States,North Carolina,"Pisgah National Forest, 5.28 km SE Mount Mitchell, along Big Lost Cove Creek off of South Toe River Road",35.74353601,-82.21322201,957.368774,adult,endoparasite,ectoparasite,,1
30406528,UNCG:Mamm:455,Microtus pinetorum,United States,North Carolina,"Pisgah National Forest, 5.28 km SE Mount Mitchell, along Big Lost Cove Creek off of South Toe River Road",35.74315798,-82.21321899,938,adult,ectoparasite,ectoparasite,,1
31358843,UNCG:Mamm:605,Sorex cinereus,United States,North Carolina,"Pisgah National Forest, 5.28 km SE Mount Mitchell, along Big Lost Cove Creek off of South Toe River Road",35.74308297,-82.21315898,946.514771,adult,endoparasite,,ectoparasite,1
31358835,UNCG:Mamm:604,Sorex cinereus,United States,North Carolina,"Pisgah National Forest, 5.28 km SE Mount Mitchell, along Big Lost Cove Creek off of South Toe River Road",35.74308498,-82.21315596,948.817322,adult,endoparasite,,ectoparasite,1
31358751,UNCG:Mamm:578,Sorex cinereus,United States,North Carolina,"Pisgah National Forest, 5.28 km SE Mount Mitchell, along Big Lost Cove Creek off of South Toe River Road",35.74336502,-82.21309503,956.757629,adult,endoparasite,ectoparasite,,1
30406524,UNCG:Mamm:451,Blarina brevicauda,United States,North Carolina,"Pisgah National Forest, 5.28 km SE Mount Mitchell, along Big Lost Cove Creek off of South Toe River Road",35.74368898,-82.21298598,929,adult,ectoparasite; endoparasite,ectoparasite,endoparasite,1
30406584,UNCG:Mamm:457,Sorex cinereus,United States,North Carolina,"Pisgah National Forest, 5.28 km SE Mount Mitchell, along Big Lost Cove Creek off of South Toe River Road",35.74369996,-82.21298103,939,adult,ectoparasite; endoparasite,ectoparasite,endoparasite,1
30406520,UNCG:Mamm:448,Sorex cinereus,United States,North Carolina,"Pisgah National Forest, 5.28 km SE Mount Mitchell, along Big Lost Cove Creek off of South Toe River Road",35.74367599,-82.21293602,928.198364,adult,ectoparasite; endoparasite,,ectoparasite; endoparasite,1
31358743,UNCG:Mamm:576,Sorex cinereus,United States,North Carolina,"Pisgah National Forest, 5.28 km SE Mount Mitchell, along Big Lost Cove Creek off of South Toe River Road",35.74374304,-82.21288003,960.165833,adult,endoparasite,,ectoparasite,1
31358913,UNCG:Mamm:568,Sorex fumeus,United States,North Carolina,"Pisgah National Forest, 5.28 km SE Mount Mitchell, along Big Lost Cove Creek off of South Toe River Road",35.74396198,-82.21285203,938.059021,adult,endoparasite,,ectoparasite,1
31358755,UNCG:Mamm:555,Sorex fumeus,United States,North Carolina,"Pisgah National Forest, 5.28 km SE Mount Mitchell, along Big Lost Cove Creek off of South Toe River Road",35.74387296,-82.21280099,927.104919,adult,ectoparasite; endoparasite,ectoparasite,,1
31358731,UNCG:Mamm:573,Sorex,United States,North Carolina,"Pisgah National Forest, 5.28 km SE Mount Mitchell, along Big Lost Cove Creek off of South Toe River Road",35.74388302,-82.21279596,937.807922,adult,endoparasite,ectoparasite,,1
31358819,UNCG:Mamm:597,Peromyscus maniculatus,United States,North Carolina,"Pisgah National Forest, 5.28 km SE Mount Mitchell, along Big Lost Cove Creek off of South Toe River Road",35.74376098,-82.21263897,940.126892,subadult,,,ectoparasite,1
31358823,UNCG:Mamm:598,Peromyscus maniculatus,United States,North Carolina,"Pisgah National Forest, 5.28 km SE Mount Mitchell, along Big Lost Cove Creek off of South Toe River Road",35.74376098,-82.21262899,939.965454,adult,,,ectoparasite,1
31358909,UNCG:Mamm:566,Sorex fumeus,United States,North Carolina,"Pisgah National Forest, 5.28 km SE Mount Mitchell, along Big Lost Cove Creek off of South Toe River Road",35.74413003,-82.21262597,941.513367,adult,endoparasite,ectoparasite,,1
31358759,UNCG:Mamm:554,Blarina brevicauda,United States,North Carolina,"Pisgah National Forest, 5.28 km SE Mount Mitchell, along Big Lost Cove Creek off of South Toe River Road",35.74366903,-82.21262304,931.42627,adult,ectoparasite; endoparasite,ectoparasite,,1
31358727,UNCG:Mamm:570,Sorex cinereus,United States,North Carolina,"Pisgah National Forest, 5.28 km SE Mount Mitchell, along Big Lost Cove Creek off of South Toe River Road",35.74374204,-82.21260804,940.831848,adult,endoparasite,,ectoparasite,1
31358719,UNCG:Mamm:567,Sorex cinereus,United States,North Carolina,"Pisgah National Forest, 5.28 km SE Mount Mitchell, along Big Lost Cove Creek off of South Toe River Road",35.74414797,-82.212602,941.495728,adult,endoparasite,,ectoparasite,1
31358905,UNCG:Mamm:556,Blarina brevicauda,United States,North Carolina,"Pisgah National Forest, 5.28 km SE Mount Mitchell, along Big Lost Cove Creek off of South Toe River Road",35.74344297,-82.21253403,937.221497,adult,ectoparasite; endoparasite,ectoparasite,,1
31358917,UNCG:Mamm:587,Sorex cinereus,United States,North Carolina,"Pisgah National Forest, 5.28 km SE Mount Mitchell, along Big Lost Cove Creek off of South Toe River Road",35.74433598,-82.21252296,943.400513,adult,endoparasite,,ectoparasite,1
31358783,UNCG:Mamm:588,Blarina brevicauda,United States,North Carolina,"Pisgah National Forest, 5.28 km SE Mount Mitchell, along Big Lost Cove Creek off of South Toe River Road",35.74434503,-82.21252003,943.315002,adult,endoparasite,ectoparasite,,1
31358723,UNCG:Mamm:569,Sorex cinereus,United States,North Carolina,"Pisgah National Forest, 5.28 km SE Mount Mitchell, along Big Lost Cove Creek off of South Toe River Road",35.74332001,-82.21249798,943.096313,adult,endoparasite,,ectoparasite,1
31358937,UNCG:Mamm:608,Blarina brevicauda,United States,North Carolina,"Pisgah National Forest, 5.28 km SE Mount Mitchell, along Big Lost Cove Creek off of South Toe River Road",35.74384899,-82.21236999,938.101624,adult,,,ectoparasite,1
31358775,UNCG:Mamm:586,Sorex cinereus,United States,North Carolina,"Pisgah National Forest, 5.28 km SE Mount Mitchell, along Big Lost Cove Creek off of South Toe River Road",35.74382904,-82.21233596,941.762146,adult,endoparasite,ectoparasite,,1
31358779,UNCG:Mamm:589,Blarina brevicauda,United States,North Carolina,"Pisgah National Forest, 5.28 km SE Mount Mitchell, along Big Lost Cove Creek off of South Toe River Road",35.74382602,-82.21233403,941.931763,adult,endoparasite,ectoparasite,,1
31358735,UNCG:Mamm:574,Sorex cinereus,United States,North Carolina,"Pisgah National Forest, 5.28 km SE Mount Mitchell, along Big Lost Cove Creek off of South Toe River Road",35.74398503,-82.21227997,942.140503,adult,endoparasite,,ectoparasite,1
31358815,UNCG:Mamm:595,Peromyscus maniculatus,United States,North Carolina,"Pisgah National Forest, 5.28 km SE Mount Mitchell, along Big Lost Cove Creek off of South Toe River Road",35.74369904,-82.21217503,942.796387,subadult,,ectoparasite,,1
31358933,UNCG:Mamm:599,Peromyscus maniculatus,United States,North Carolina,"Pisgah National Forest, 5.28 km SE Mount Mitchell, along Big Lost Cove Creek off of South Toe River Road",35.74251199,-82.21206296,952.335693,adult,,,ectoparasite,1
31358831,UNCG:Mamm:603,Sorex cinereus,United States,North Carolina,"Pisgah National Forest, 5.28 km SE Mount Mitchell, along Big Lost Cove Creek off of South Toe River Road",35.74372603,-82.21200597,923.234863,adult,endoparasite,,ectoparasite,1
31358771,UNCG:Mamm:585,Sorex cinereus,United States,North Carolina,"Pisgah National Forest, 5.28 km SE Mount Mitchell, along Big Lost Cove Creek off of South Toe River Road",35.74373399,-82.211968,942.460754,adult,endoparasite,,ectoparasite,1
31358767,UNCG:Mamm:584,Sorex fumeus,United States,North Carolina,"Pisgah National Forest, 5.28 km SE Mount Mitchell, along Big Lost Cove Creek off of South Toe River Road",35.74373097,-82.21196498,943.469788,adult,endoparasite,,ectoparasite,1
31358747,UNCG:Mamm:577,Sorex cinereus,United States,North Carolina,"Pisgah National Forest, 5.28 km SE Mount Mitchell, along Big Lost Cove Creek off of South Toe River Road",35.74279597,-82.211954,948.171204,adult,endoparasite,,ectoparasite,1
31358827,UNCG:Mamm:601,Sorex cinereus,United States,North Carolina,"Pisgah National Forest, 5.28 km SE Mount Mitchell, along Big Lost Cove Creek off of South Toe River Road",35.74252297,-82.21177001,989.803528,adult,ectoparasite; endoparasite,ectoparasite,,1
31358715,UNCG:Mamm:565,Sorex fumeus,United States,North Carolina,"Pisgah National Forest, 5.28 km SE Mount Mitchell, along Big Lost Cove Creek off of South Toe River Road",35.74254996,-82.21167102,947.415833,adult,endoparasite,,ectoparasite,1
31358839,UNCG:Mamm:607,Sorex cinereus,United States,North Carolina,"Pisgah National Forest, 5.28 km SE Mount Mitchell, along Big Lost Cove Creek off of South Toe River Road",35.74416599,-82.21142803,936.261353,adult,endoparasite,,ectoparasite,1
31358847,UNCG:Mamm:606,Sorex cinereus,United States,North Carolina,"Pisgah National Forest, 5.28 km SE Mount Mitchell, along Big Lost Cove Creek off of South Toe River Road",35.74415803,-82.21137598,934.983459,adult,,,ectoparasite,1
31358739,UNCG:Mamm:575,Sorex cinereus,United States,North Carolina,"Pisgah National Forest, 5.28 km SE Mount Mitchell, along Big Lost Cove Creek off of South Toe River Road",35.74416197,-82.21131102,944.148865,adult,endoparasite,,ectoparasite,1
31358811,UNCG:Mamm:594,Peromyscus leucopus,United States,North Carolina,"Pisgah National Forest, 5.28 km SE Mount Mitchell, along Big Lost Cove Creek off of South Toe River Road",35.74404798,-82.211279,944.107788,adult,,ectoparasite,,1
32610788,UNCG:Mamm:3129,Peromyscus maniculatus,United States,North Carolina,"Pisgah National Forest, 5.15 km ESE Mt. Mitchell, meadow off of South Toe River Road",35.75174097,-82.20977403,940.328613,subadult,,,ectoparasite; endoparasite,1
32610966,UNCG:Mamm:840,Sorex cinereus,United States,North Carolina,"Pisgah National Forest, 6 km ESE Mount Mitchell, along Forest Service Road 2074 at Neals Creek",35.74105396,-82.20546003,1025.802002,adult,,,ectoparasite; endoparasite,1
32610944,UNCG:Mamm:835,Sorex cinereus,United States,North Carolina,"Pisgah National Forest, 6 km ESE Mount Mitchell, along Forest Service Road 2074 at Neals Creek",35.74106997,-82.20545098,1025.867188,adult,,,ectoparasite; endoparasite,1
31358893,UNCG:Mamm:559,Peromyscus leucopus,United States,North Carolina,"Pisgah National Forest, 256 Fairway Loop, Burnsville NC",35.771377,-82.20522199,906.585144,adult,ectoparasite,,ectoparasite,1
32610958,UNCG:Mamm:839,Sorex cinereus,United States,North Carolina,"Pisgah National Forest, 6 km ESE Mount Mitchell, along Forest Service Road 2074 at Neals Creek",35.74097299,-82.205195,1026.069946,adult,,,ectoparasite; endoparasite,1
32610806,UNCG:Mamm:842,Sorex cinereus,United States,North Carolina,"Pisgah National Forest, 6 km ESE Mount Mitchell, along Forest Service Road 2074 at Neals Creek",35.74097903,-82.20518201,1025.141357,adult,,,ectoparasite; endoparasite,1
32610810,UNCG:Mamm:843,Sorex cinereus,United States,North Carolina,"Pisgah National Forest, 6 km ESE Mount Mitchell, along Forest Service Road 2074 at Neals Creek",35.74098598,-82.20517203,1027.776978,adult,,,ectoparasite; endoparasite,1
,,,,,,,,,,,,,
30406576,UNCG:Mamm:471,Sorex cinereus,United States,North Carolina,"Pisgah National Forest, 6 km ESE Mount Mitchell, along Forest Service Road 2074 at Neals Creek",35.74095002,-82.20514102,1021,adult,,,ectoparasite,1
31358871,UNCG:Mamm:609,Peromyscus maniculatus,United States,North Carolina,"Pisgah National Forest, 5 km ESE Mount Mitchell, forest edge near junction of South Toe River Road and Forest Service Road 2074",35.77142998,-82.20513901,959.060059,adult,,ectoparasite,,1
30034217,UNCG:Mamm:428,Sorex cinereus,United States,North Carolina,"Pisgah National Forest, 6 km ESE Mount Mitchell, along Forest Service Road 2074 at Neals Creek",35.74148403,-82.20502099,1022.175354,adult,endoparasite,,ectoparasite; endoparasite,1
30034173,UNCG:Mamm:3078,Sorex cinereus,United States,North Carolina,"Pisgah National Forest, 6 km ESE Mount Mitchell, along Forest Service Road 2074 at Neals Creek",35.74126602,-82.20499501,1034.369141,adult,,,ectoparasite,1
30034161,UNCG:Mamm:429,Sorex cinereus,United States,North Carolina,"Pisgah National Forest, 6 km ESE Mount Mitchell, along Forest Service Road 2074 at Neals Creek",35.74125596,-82.20498,1034.336182,adult,endoparasite,,ectoparasite; endoparasite,1
,,,,,,,,,,,,,
32610899,UNCG:Mamm:848,Blarina brevicauda,United States,North Carolina,"Pisgah National Forest, 6 km ESE Mount Mitchell, along Forest Service Road 2074 at Neals Creek",35.74109696,-82.20490901,993.862,adult,,ectoparasite,endoparasite,1
30034209,UNCG:Mamm:409,Blarina brevicauda,United States,North Carolina,"Pisgah National Forest, 6 km ESE Mount Mitchell, along Forest Service Road 2074 at Neals Creek",35.74117499,-82.20490197,1059.1698,adult,ectoparasite,ectoparasite,,1
32610949,UNCG:Mamm:845,Sorex cinereus,United States,North Carolina,"Pisgah National Forest, 6 km ESE Mount Mitchell, along Forest Service Road 2074 at Neals Creek",35.74112596,-82.20490004,991.585999,adult,,,ectoparasite; endoparasite,1
30034189,UNCG:Mamm:412,Blarina brevicauda,United States,North Carolina,"Pisgah National Forest, 6 km ESE Mount Mitchell, along Forest Service Road 2074 at Neals Creek",35.74101498,-82.20480298,1052.687988,adult,ectoparasite; endoparasite,ectoparasite,endoparasite,1
32610796,UNCG:Mamm:836,Sorex cinereus,United States,North Carolina,"Pisgah National Forest, 6 km ESE Mount Mitchell, along Forest Service Road 2074 at Neals Creek",35.74100601,-82.20480197,987.316895,adult,,,ectoparasite; endoparasite,1
31058465,UNCG:Mamm:518,Blarina brevicauda,United States,North Carolina,"Pisgah National Forest, 6 km ESE Mount Mitchell, along Forest Service Road 2074 at Neals Creek",35.74067099,-82.20480097,1070,adult,,,ectoparasite,1
32610705,UNCG:Mamm:847,Sorex cinereus,United States,North Carolina,"Pisgah National Forest, 6 km ESE Mount Mitchell, along Forest Service Road 2074 at Neals Creek",35.74101096,-82.20479803,987.233521,adult,,,ectoparasite; endoparasite,1
32610970,UNCG:Mamm:846,Sorex fumeus,United States,North Carolina,"Pisgah National Forest, 6 km ESE Mount Mitchell, along Forest Service Road 2074 at Neals Creek",35.74102102,-82.204792,987.091187,adult,,,ectoparasite; endoparasite,1
29858629,UNCG:Mamm:290,Peromyscus maniculatus,United States,North Carolina,"Pisgah National Forest, 6 km ESE Mount Mitchell, along Forest Service Road 2074 at Neals Creek",35.740918,-82.204778,1012.057007,adult,ectoparasite; endoparasite,ectoparasite,endoparasite,1
32610903,UNCG:Mamm:844,Sorex fumeus,United States,North Carolina,"Pisgah National Forest, 6 km ESE Mount Mitchell, along Forest Service Road 2074 at Neals Creek",35.74095002,-82.20477699,978.904297,adult,,,ectoparasite; endoparasite,1
,,,,,,,,,,,,,
30406572,UNCG:Mamm:469,Sorex cinereus,United States,North Carolina,"Pisgah National Forest, 6 km ESE Mount Mitchell, along Forest Service Road 2074 at Neals Creek",35.74097299,-82.20477599,1011,adult,,,ectoparasite,1
32610801,UNCG:Mamm:838,Sorex cinereus,United States,North Carolina,"Pisgah National Forest, 6 km ESE Mount Mitchell, along Forest Service Road 2074 at Neals Creek",35.74088196,-82.20477196,981.756287,adult,,,ectoparasite; endoparasite,1
30034221,UNCG:Mamm:427,Sorex fumeus,United States,North Carolina,"Pisgah National Forest, 6 km ESE Mount Mitchell, along Forest Service Road 2074 at Neals Creek",35.74134397,-82.20477104,1032.959717,adult,endoparasite,ectoparasite,endoparasite,1
32610954,UNCG:Mamm:837,Sorex cinereus,United States,North Carolina,"Pisgah National Forest, 6 km ESE Mount Mitchell, along Forest Service Road 2074 at Neals Creek",35.74088196,-82.20477004,981.835999,adult,,,ectoparasite; endoparasite,1
32610894,UNCG:Mamm:841,Sorex cinereus,United States,North Carolina,"Pisgah National Forest, 6 km ESE Mount Mitchell, along Forest Service Road 2074 at Neals Creek",35.74088104,-82.20476903,981.955688,adult,,,ectoparasite; endoparasite,1
31058501,UNCG:Mamm:546,Peromyscus maniculatus,United States,North Carolina,"Pisgah National Forest, 6 km ESE Mount Mitchell, along Forest Service Road 2074 at Neals Creek",35.74078498,-82.20475797,1070,subadult,,,ectoparasite,1
31058497,UNCG:Mamm:539,Sorex cinereus,United States,North Carolina,"Pisgah National Forest, 6 km ESE Mount Mitchell, along Forest Service Road 2074 at Neals Creek",35.74093804,-82.20475503,1070,adult,,,ectoparasite,1
31058596,UNCG:Mamm:547,Peromyscus maniculatus,United States,North Carolina,"Pisgah National Forest, 6 km ESE Mount Mitchell, along Forest Service Road 2074 at Neals Creek",35.74078096,-82.20475403,1070,juvenile,,,ectoparasite,1
29858382,UNCG:Mamm:289,Peromyscus maniculatus,United States,North Carolina,"Pisgah National Forest, 6 km ESE Mount Mitchell, along Forest Service Road 2074 at Neals Creek",35.74094198,-82.20475101,1015.622131,adult,ectoparasite; endoparasite,ectoparasite,endoparasite,1
30488388,UNCG:Mamm:506,Sorex cinereus,United States,North Carolina,"Pisgah National Forest, 6 km ESE Mount Mitchell, along Forest Service Road 2074 at Neals Creek",35.74123501,-82.204749,1051,adult,,,ectoparasite,1
,,,,,,,,,,,,,
31058469,UNCG:Mamm:519,Microtus pinetorum,United States,North Carolina,"Pisgah National Forest, 6 km ESE Mount Mitchell, along Forest Service Road 2074 at Neals Creek",35.74069999,-82.20473399,1070,adult,,ectoparasite,,1
29858195,UNCG:Mamm:3071,Sorex cinereus,United States,North Carolina,"Pisgah National Forest, 6 km ESE Mount Mitchell, along Forest Service Road 2074 at Neals Creek",35.74086403,-82.20472301,1013.38739,adult,,,ectoparasite,1
,,,,,,,,,,,,,
,,,,,,,,,,,,,
31058473,UNCG:Mamm:550,Peromyscus maniculatus,United States,North Carolina,"Pisgah National Forest, 6 km ESE Mount Mitchell, along Forest Service Road 2074 at Neals Creek",35.740817,-82.204721,1070,subadult,,,ectoparasite,1
32610980,UNCG:Mamm:3134,Peromyscus maniculatus,United States,North Carolina,"Pisgah National Forest, 5 km ESE Mount Mitchell, meadow near junction of South Toe River Road and Forest Service Road 2074",35.74073402,-82.20471798,1037.723633,juvenile,,,ectoparasite; endoparasite,1
32610940,UNCG:Mamm:829,Sorex fumeus,United States,North Carolina,"Pisgah National Forest, 5 km SE Mount Mitchell, along South Toe River Road",35.74073402,-82.20471798,1037.723633,adult,ectoparasite,ectoparasite,endoparasite,1
30488512,UNCG:Mamm:473,Peromyscus maniculatus,United States,North Carolina,"Pisgah National Forest, 9.73 km NE Mount Mitchell, along Victor Road",35.741017,-82.20471203,1019,adult,,,ectoparasite,1
29858431,UNCG:Mamm:291,Peromyscus maniculatus,United States,North Carolina,"Pisgah National Forest, 6 km ESE Mount Mitchell, along Forest Service Road 2074 at Neals Creek",35.74093401,-82.204707,1046.437988,adult,ectoparasite; endoparasite,,ectoparasite; endoparasite,1
31058505,UNCG:Mamm:549,Peromyscus maniculatus,United States,North Carolina,"Pisgah National Forest, 6 km ESE Mount Mitchell, along Forest Service Road 2074 at Neals Creek",35.74092303,-82.20470197,1070,subadult,,,ectoparasite,1
30034175,UNCG:Mamm:3077,Sorex cinereus,United States,North Carolina,"Pisgah National Forest, 6 km ESE Mount Mitchell, along Forest Service Road 2074 at Neals Creek",35.74115203,-82.20469099,1067.373535,adult,,,ectoparasite,1
30034177,UNCG:Mamm:411,Sorex cinereus,United States,North Carolina,"Pisgah National Forest, 6 km ESE Mount Mitchell, along Forest Service Road 2074 at Neals Creek",35.74115404,-82.20468898,1066.385986,adult,ectoparasite; endoparasite,,ectoparasite; endoparasite,1
30034159,UNCG:Mamm:408,Sorex cinereus,United States,North Carolina,"Pisgah National Forest, 6 km ESE Mount Mitchell, along Forest Service Road 2074 at Neals Creek",35.74114398,-82.20468001,1062.665771,adult,ectoparasite,ectoparasite,,1
30034155,UNCG:Mamm:407,Microtus pinetorum,United States,North Carolina,"Pisgah National Forest, 6 km ESE Mount Mitchell, along Forest Service Road 2074 at Neals Creek",35.74115102,-82.204677,1063.502441,adult,ectoparasite; endoparasite,ectoparasite,endoparasite,1
29858336,UNCG:Mamm:276,Blarina brevicauda,United States,North Carolina,"Pisgah National Forest, 6 km ESE Mount Mitchell, along Forest Service Road 2074 at Neals Creek",35.74088297,-82.20466702,1010.617615,adult,endoparasite,ectoparasite,,1
32610715,UNCG:Mamm:852,Napaeozapus insignis,United States,North Carolina,"Pisgah National Forest, 6 km ESE Mount Mitchell, along Forest Service Road 2074 at Neals Creek",35.74097198,-82.20465898,1033.411987,adult,,ectoparasite,endoparasite,1
29858321,UNCG:Mamm:273,Sorex cinereus,United States,North Carolina,"Pisgah National Forest, 6 km ESE Mount Mitchell, along Forest Service Road 2074 at Neals Creek",35.74103803,-82.20465797,1044.727051,adult,endoparasite,ectoparasite,,1
,,,,,,,,,,,,,
29858447,UNCG:Mamm:321,Blarina brevicauda,United States,North Carolina,"Pisgah National Forest, 6 km ESE Mount Mitchell, along Forest Service Road 2074 at Neals Creek",35.74073402,-82.20465596,1024.717896,adult,endoparasite,,ectoparasite; endoparasite,1
29858378,UNCG:Mamm:288,Peromyscus maniculatus,United States,North Carolina,"Pisgah National Forest, 6 km ESE Mount Mitchell, along Forest Service Road 2074 at Neals Creek",35.74102798,-82.20464598,1018.829407,adult,ectoparasite; endoparasite,ectoparasite,endoparasite,1
32610820,UNCG:Mamm:3144,Peromyscus maniculatus,United States,North Carolina,"Pisgah National Forest, 6 km ESE Mount Mitchell, along Forest Service Road 2074 at Neals Creek",35.74063403,-82.20461296,1045.337524,adult,,,ectoparasite; endoparasite,1
29858325,UNCG:Mamm:274,Sorex cinereus,United States,North Carolina,"Pisgah National Forest, 6 km ESE Mount Mitchell, along Forest Service Road 2074 at Neals Creek",35.74095597,-82.20459804,1044.940186,adult,endoparasite,ectoparasite,,1
30406560,UNCG:Mamm:462,Sorex fumeus,United States,North Carolina,"Pisgah National Forest, 6 km ESE Mount Mitchell, along Forest Service Road 2074 at Neals Creek",35.74095597,-82.20459804,1045,adult,ectoparasite,ectoparasite,,1
32860054,UNCG:Mamm:850,Blarina brevicauda,United States,North Carolina,"Pisgah National Forest, 6 km ESE Mount Mitchell, along Forest Service Road 2074 at Neals Creek",35.74095597,-82.20459804,1044.940186,adult,,ectoparasite,endoparasite,1
29858609,UNCG:Mamm:275,Sorex cinereus,United States,North Carolina,"Pisgah National Forest, 6 km ESE Mount Mitchell, along Forest Service Road 2074 at Neals Creek",35.74095103,-82.204592,1044.963989,subadult,endoparasite,,ectoparasite,1
31058481,UNCG:Mamm:538,Sorex cinereus,United States,North Carolina,"Pisgah National Forest, 6 km ESE Mount Mitchell, along Forest Service Road 2074 at Neals Creek",35.74123803,-82.20458496,1070,adult,,,ectoparasite,1
29858685,UNCG:Mamm:3069,Sorex cinereus,United States,North Carolina,"Pisgah National Forest, 6 km ESE Mount Mitchell, along Forest Service Road 2074 at Neals Creek",35.74104398,-82.20457901,1042.973877,adult,,,ectoparasite,1
29858681,UNCG:Mamm:3067,Sorex fumeus,United States,North Carolina,"Pisgah National Forest, 6 km ESE Mount Mitchell, along Forest Service Road 2074 at Neals Creek",35.74102303,-82.20457398,1042.964355,adult,,,ectoparasite,1
31058521,UNCG:Mamm:530,Peromyscus maniculatus,United States,North Carolina,"Pisgah National Forest, 6 km ESE Mount Mitchell, along Forest Service Road 2074 at Neals Creek",35.74061098,-82.20455403,1070,adult,ectoparasite,ectoparasite,,1
31058525,UNCG:Mamm:540,Sorex cinereus,United States,North Carolina,"Pisgah National Forest, 6 km ESE Mount Mitchell, along Forest Service Road 2074 at Neals Creek",35.74147599,-82.20454901,1070,adult,,,ectoparasite,1
32610710,UNCG:Mamm:851,Napaeozapus insignis,United States,North Carolina,"Pisgah National Forest, 6 km ESE Mount Mitchell, along Forest Service Road 2074 at Neals Creek",35.74103099,-82.20452604,1032.96936,adult,,ectoparasite,endoparasite,1
31058509,UNCG:Mamm:516,Sorex cinereus,United States,North Carolina,"Pisgah National Forest, 6 km ESE Mount Mitchell, along Forest Service Road 2074 at Neals Creek",35.74138303,-82.20452302,1070,adult,,,ectoparasite,1
29858452,UNCG:Mamm:322,Napaeozapus insignis,United States,North Carolina,"Pisgah National Forest, 6 km ESE Mount Mitchell, along Forest Service Road 2074 at Neals Creek",35.74074903,-82.20449796,1035.967163,adult,ectoparasite; endoparasite,ectoparasite,endoparasite,1
29858370,UNCG:Mamm:287,Sorex cinereus,United States,North Carolina,"Pisgah National Forest, 6 km ESE Mount Mitchell, along Forest Service Road 2074 at Neals Creek",35.74104298,-82.20449301,1045.95813,adult,ectoparasite; endoparasite,ectoparasite,,1
29858593,UNCG:Mamm:270,Sorex fumeus,United States,North Carolina,"Pisgah National Forest, 6 km ESE Mount Mitchell, along Forest Service Road 2074 at Neals Creek",35.74106896,-82.20448002,1041.529663,adult,endoparasite,ectoparasite,,1
30488390,UNCG:Mamm:509,Sorex cinereus,United States,North Carolina,"Pisgah National Forest, 6 km ESE Mount Mitchell, along Forest Service Road 2074 at Neals Creek",35.74114901,-82.204477,1025,adult,,,ectoparasite,1
,,,,,,,,,,,,,
,,,,,,,,,,,,,
31058517,UNCG:Mamm:529,Peromyscus maniculatus,United States,North Carolina,"Pisgah National Forest, 6 km ESE Mount Mitchell, along Forest Service Road 2074 at Neals Creek",35.74128698,-82.204476,1070,adult,ectoparasite,,ectoparasite,1
29858585,UNCG:Mamm:269,Sorex cinereus,United States,North Carolina,"Pisgah National Forest, 6 km ESE Mount Mitchell, along Forest Service Road 2074 at Neals Creek",35.74107802,-82.20447198,1043.042969,adult,endoparasite,,ectoparasite,1
29858443,UNCG:Mamm:309,Sorex cinereus,United States,North Carolina,"Pisgah National Forest, 6 km ESE Mount Mitchell, along Forest Service Road 2074 at Neals Creek",35.74112504,-82.20444499,1062.019897,adult,endoparasite,,ectoparasite,1
29858625,UNCG:Mamm:284,Blarina brevicauda,United States,North Carolina,"Pisgah National Forest, 6 km ESE Mount Mitchell, along Forest Service Road 2074 at Neals Creek",35.74102798,-82.20442303,1043.83667,adult,endoparasite,ectoparasite,,1
29858617,UNCG:Mamm:282,Sorex cinereus,United States,North Carolina,"Pisgah National Forest, 6 km ESE Mount Mitchell, along Forest Service Road 2074 at Neals Creek",35.74065104,-82.20441297,1044.254395,adult,endoparasite,ectoparasite,,1
29858344,UNCG:Mamm:278,Sorex cinereus,United States,North Carolina,"Pisgah National Forest, 6 km ESE Mount Mitchell, along Forest Service Road 2074 at Neals Creek",35.74065297,-82.20440098,1044.181396,adult,endoparasite,ectoparasite,,1
31058529,UNCG:Mamm:532,Sorex cinereus,United States,North Carolina,"Pisgah National Forest, 6 km ESE Mount Mitchell, along Forest Service Road 2074 at Neals Creek",35.74081197,-82.20439,1070,adult,,,ectoparasite,1
31058477,UNCG:Mamm:548,Peromyscus leucopus,United States,North Carolina,"Pisgah National Forest, 6 km ESE Mount Mitchell, along Forest Service Road 2074 at Neals Creek",35.74071801,-82.20438204,1070,juvenile,,,ectoparasite,1
29858439,UNCG:Mamm:297,Peromyscus maniculatus,United States,North Carolina,"Pisgah National Forest, 6 km ESE Mount Mitchell, along Forest Service Road 2074 at Neals Creek",35.74066001,-82.204361,1043.477295,adult,ectoparasite; endoparasite,ectoparasite,endoparasite,1
31058537,UNCG:Mamm:537,Sorex cinereus,United States,North Carolina,"Pisgah National Forest, 6 km ESE Mount Mitchell, along Forest Service Road 2074 at Neals Creek",35.74122403,-82.20435304,1070,adult,,,ectoparasite,1
29858605,UNCG:Mamm:271,Blarina brevicauda,United States,North Carolina,"Pisgah National Forest, 6 km ESE Mount Mitchell, along Forest Service Road 2074 at Neals Creek",35.74092002,-82.204347,1025.418945,adult,endoparasite,ectoparasite,,1
29858621,UNCG:Mamm:283,Sorex cinereus,United States,North Carolina,"Pisgah National Forest, 6 km ESE Mount Mitchell, along Forest Service Road 2074 at Neals Creek",35.74061802,-82.20434197,1044.008545,adult,endoparasite,ectoparasite,,1
29858315,UNCG:Mamm:272,Sorex fumeus,United States,North Carolina,"Pisgah National Forest, 6 km ESE Mount Mitchell, along Forest Service Road 2074 at Neals Creek",35.74092203,-82.20433803,1021.98822,adult,endoparasite,ectoparasite,,1
31058513,UNCG:Mamm:517,Sorex cinereus,United States,North Carolina,"Pisgah National Forest, 6 km ESE Mount Mitchell, along Forest Service Road 2074 at Neals Creek",35.74108799,-82.20431699,1070,adult,,,ectoparasite,1
31058602,UNCG:Mamm:513,Sorex fumeus,United States,North Carolina,"Pisgah National Forest, 6 km ESE Mount Mitchell, along Forest Service Road 2074 at Neals Creek",35.74115002,-82.20431599,1070,adult,ectoparasite,ectoparasite,,1
31058457,UNCG:Mamm:514,Blarina brevicauda,United States,North Carolina,"Pisgah National Forest, 6 km ESE Mount Mitchell, along Forest Service Road 2074 at Neals Creek",35.74113904,-82.20431197,1070,adult,ectoparasite,ectoparasite,,1
31058533,UNCG:Mamm:533,Sorex fumeus,United States,North Carolina,"Pisgah National Forest, 6 km ESE Mount Mitchell, along Forest Service Road 2074 at Neals Creek",35.74117701,-82.20421197,1070,adult,,,ectoparasite,1
30406556,UNCG:Mamm:467,Sorex cinereus,United States,North Carolina,"Pisgah National Forest, 6 km ESE Mount Mitchell, along Forest Service Road 2074 at Neals Creek",35.74059698,-82.204189,1059,adult,,,ectoparasite,1
29858456,UNCG:Mamm:3074,Peromyscus maniculatus,United States,North Carolina,"Pisgah National Forest, 6 km ESE Mount Mitchell, along Forest Service Road 2074 at Neals Creek",35.74112403,-82.20415397,1035.798096,adult,ectoparasite,ectoparasite,,1
29858358,UNCG:Mamm:280,Sorex cinereus,United States,North Carolina,"Pisgah National Forest, 6 km ESE Mount Mitchell, along Forest Service Road 2074 at Neals Creek",35.74069303,-82.20406998,1042.707764,adult,endoparasite,ectoparasite,,1
29858348,UNCG:Mamm:279,Sorex cinereus,United States,North Carolina,"Pisgah National Forest, 6 km ESE Mount Mitchell, along Forest Service Road 2074 at Neals Creek",35.74069899,-82.20406302,1045.095703,adult,endoparasite,,ectoparasite,1
30034169,UNCG:Mamm:430,Sorex cinereus,United States,North Carolina,"Pisgah National Forest, 6.28 km SE Mount Mitchell, along Forest Service Road 2074 at Neals Creek",35.73963197,-82.20403796,1071.867554,adult,endoparasite,,ectoparasite; endoparasite,1
30034165,UNCG:Mamm:426,Sorex cinereus,United States,North Carolina,"Pisgah National Forest, 6.28 km SE Mount Mitchell, along Forest Service Road 2074 at Neals Creek",35.738903,-82.20399303,1079.945312,adult,endoparasite,,ectoparasite; endoparasite,1
29858340,UNCG:Mamm:277,Sorex fumeus,United States,North Carolina,"Pisgah National Forest, 6 km ESE Mount Mitchell, along Forest Service Road 2074 at Neals Creek",35.74064098,-82.20399102,1042.653931,adult,endoparasite,ectoparasite,,1
29858366,UNCG:Mamm:286,Sorex cinereus,United States,North Carolina,"Pisgah National Forest, 6 km ESE Mount Mitchell, along Forest Service Road 2074 at Neals Creek",35.74063897,-82.203987,1044.939697,adult,ectoparasite; endoparasite,ectoparasite,,1
29858192,UNCG:Mamm:3068,Sorex cinereus,United States,North Carolina,"Pisgah National Forest, 6 km ESE Mount Mitchell, along Forest Service Road 2074 at Neals Creek",35.74063696,-82.20398298,1044.938721,adult,,,ectoparasite,1
30406580,UNCG:Mamm:477,Microtus pinetorum,United States,North Carolina,"Pisgah National Forest, 6 km ESE Mount Mitchell, along Forest Service Road 2074 at Neals Creek",35.74050101,-82.20396101,949,subadult,endoparasite,,ectoparasite; endoparasite,1
29858188,UNCG:Mamm:3073,Tamias striatus,United States,North Carolina,"Pisgah National Forest, 7.24 km NE Mount Mitchell, Carolina Hemlocks Recreation Area",35.80369804,-82.20367402,850.643738,adult,,,ectoparasite,1
29858435,UNCG:Mamm:308,Sorex cinereus,United States,North Carolina,"Pisgah National Forest, 6 km ESE Mount Mitchell, along Forest Service Road 2074 at Neals Creek",35.740586,-82.203441,1007.040161,adult,endoparasite,,ectoparasite,1
29858425,UNCG:Mamm:212,Peromyscus leucopus,United States,North Carolina,"Pisgah National Forest, 7.24 km NE Mount Mitchell, Carolina Hemlocks Recreation Area",35.80514803,-82.20258001,869.587097,adult,ectoparasite; endoparasite,,ectoparasite; endoparasite,1
29858180,UNCG:Mamm:213,Peromyscus leucopus,United States,North Carolina,"Pisgah National Forest, 7.24 km NE Mount Mitchell, Carolina Hemlocks Recreation Area",35.80516596,-82.202463,871.727783,adult,ectoparasite; endoparasite,,ectoparasite; endoparasite,1
30488386,UNCG:Mamm:503,Sorex cinereus,United States,North Carolina,"Pisgah National Forest, 6 km ESE Mount Mitchell, along Forest Service Road 2074 at Neals Creek",35.74098397,-82.201759,889,adult,,,ectoparasite,1
31358951,UNCG:Mamm:504,Sciurus carolinensis,United States,North Carolina,"Pisgah National Forest, 4.91 km ENE Mount Mitchell along Winterstar Loop",35.770499,-82.20122298,893.270996,adult,,ectoparasite,,1
29858516,UNCG:Mamm:234,Sorex cinereus,United States,North Carolina,"Pisgah National Forest, 6.9 km SE Mount Mitchell, along South Toe River Road",35.74060896,-82.19556998,907.891174,adult,ectoparasite; endoparasite,,ectoparasite; endoparasite,1
30146235,UNCG:Mamm:438,Sorex cinereus,United States,North Carolina,"Pisgah National Forest, 9.73 km NE Mount Mitchell, along Victor Road",35.80018904,-82.16746202,1134.831665,adult,,ectoparasite,,1
30406516,UNCG:Mamm:454,Sorex fumeus,United States,North Carolina,"Pisgah National Forest, 9.73 km NE Mount Mitchell, along Victor Road",35.80059598,-82.16643096,1134,adult,ectoparasite; endoparasite,ectoparasite,endoparasite,1
30406544,UNCG:Mamm:452,Sorex cinereus,United States,North Carolina,"Pisgah National Forest, 9.73 km NE Mount Mitchell, along Victor Road",35.80055198,-82.16631898,1134,adult,ectoparasite; endoparasite,,ectoparasite; endoparasite,1
31348431,UNCG:Mamm:551,Sorex cinereus,United States,North Carolina,"Pisgah National Forest, 9.73 km NE Mount Mitchell, along Victor Road",35.80057302,-82.166237,1108.895508,adult,ectoparasite; endoparasite,,ectoparasite,1
31358873,UNCG:Mamm:561,Peromyscus maniculatus,United States,North Carolina,"Pisgah National Forest, 9.73 km NE Mount Mitchell, along Victor Road",35.80059104,-82.16621303,1099.389893,subadult,,,ectoparasite,1
30488508,UNCG:Mamm:472,Sorex cinereus,United States,North Carolina,"Pisgah National Forest, 9.73 km NE Mount Mitchell, along Victor Road",35.80063596,-82.16618403,1107,adult,,,ectoparasite,1
30406548,UNCG:Mamm:453,Blarina brevicauda,United States,North Carolina,"Pisgah National Forest, 9.73 km NE Mount Mitchell, along Victor Road",35.80062197,-82.16617498,1131,adult,ectoparasite; endoparasite,ectoparasite,endoparasite,1
31358877,UNCG:Mamm:562,Peromyscus maniculatus,United States,North Carolina,"Pisgah National Forest, 9.73 km NE Mount Mitchell, along Victor Road",35.80060403,-82.16616802,1101.644653,adult,,,ectoparasite,1
30488504,UNCG:Mamm:466,Sorex cinereus,United States,North Carolina,"Pisgah National Forest, 9.73 km NE Mount Mitchell, along Victor Road",35.80065801,-82.16613499,1109,adult,,,ectoparasite; endoparasite,1
31358889,UNCG:Mamm:572,Sorex cinereus,United States,North Carolina,"Pisgah National Forest, 9.73 km NE Mount Mitchell, along Victor Road",35.80056304,-82.16608202,1097.851685,adult,endoparasite,,ectoparasite,1
30146247,UNCG:Mamm:444,Sorex cinereus,United States,North Carolina,"Pisgah National Forest, 9.61 km NE Mount Mitchell, along Victor Road near JCT with Blue Ridge Parkway",35.79757598,-82.16581296,1003.248108,adult,,,ectoparasite,1
30406552,UNCG:Mamm:459,Blarina brevicauda,United States,North Carolina,"Pisgah National Forest, 9.73 km NE Mount Mitchell, along Victor Road",35.80076496,-82.165719,927,adult,ectoparasite; endoparasite,ectoparasite,endoparasite,1
31358885,UNCG:Mamm:571,Sorex cinereus,United States,North Carolina,"Pisgah National Forest, 9.73 km NE Mount Mitchell, along Victor Road",35.80050596,-82.16557198,1098.400146,adult,endoparasite,,ectoparasite,1
30488445,UNCG:Mamm:479,Sorex cinereus,United States,North Carolina,"Pisgah National Forest, 9.73 km NE Mount Mitchell, along Victor Road",35.80053203,-82.16516102,1074,adult,,,ectoparasite,1
30488378,UNCG:Mamm:463,Sorex cinereus,United States,North Carolina,"Pisgah National Forest, 9.73 km NE Mount Mitchell, along Victor Road",35.80050998,-82.16510301,1173,adult,,,ectoparasite,1
,,,,,,,,,,,,,
,,,,,,,,,,,,,
31358881,UNCG:Mamm:563,Peromyscus maniculatus,United States,North Carolina,"Pisgah National Forest, 9.73 km NE Mount Mitchell, along Victor Road",35.800584,-82.16509103,1097.481567,subadult,,,ectoparasite,1
30488441,UNCG:Mamm:478,Blarina brevicauda,United States,North Carolina,"Pisgah National Forest, 9.73 km NE Mount Mitchell, along Victor Road",35.80068198,-82.16486799,1078,adult,,,ectoparasite,1
30488382,UNCG:Mamm:475,Sorex cinereus,United States,North Carolina,"Pisgah National Forest, 9.73 km NE Mount Mitchell, along Victor Road",35.80052901,-82.16470504,1080,adult,,,ectoparasite,1
,,,,,,,,,,,,,
,,,,,,,,,,,,,
31358859,UNCG:Mamm:592,Microtus pinetorum,United States,North Carolina,"Pisgah National Forest, 5 km ESE Mount Mitchell, forest edge near junction of South Toe River Road and Forest Service Road 2074",35.4433168,-82.12577,927,adult,endoparasite,ectoparasite,,1
31358939,UNCG:Mamm:579,Sorex cinereus,United States,North Carolina,"Pisgah National Forest, 5 km ESE Mount Mitchell, forest edge near junction of South Toe River Road and Forest Service Road 2074",35.443285,-82.1257133,927,adult,endoparasite,,ectoparasite,1
,,,,,,,,,,,,,
31358851,UNCG:Mamm:581,Sorex cinereus,United States,North Carolina,"Pisgah National Forest, 5 km ESE Mount Mitchell, forest edge near junction of South Toe River Road and Forest Service Road 2074",35.4438,-82.125516,927,adult,endoparasite,,ectoparasite,1
,,,,,,,,,,,,,
29816997,UNCG:Mamm:9,Peromyscus leucopus,United States,North Carolina,"South Mountains Game Lands, 0.95 km W Bolin Knob Mountain, along US HWY 64",35.58499801,-81.836333,376.060608,adult,ectoparasite,ectoparasite,,1
29817005,UNCG:Mamm:12,Sigmodon hispidus,United States,North Carolina,"South Mountains Game Lands, 0.95 km W Bolin Knob Mountain, along US HWY 64",35.58512399,-81.83610099,375.33902,adult,ectoparasite,,ectoparasite,1
29817180,UNCG:Mamm:98,Sigmodon hispidus,United States,North Carolina,"South Mountains Game Lands, 0.95 km W Bolin Knob Mountain, along US HWY 64",35.58543496,-81.83603201,369.180054,adult,ectoparasite,ectoparasite,,1
29817192,UNCG:Mamm:97,Sigmodon hispidus,United States,North Carolina,"South Mountains Game Lands, 0.95 km W Bolin Knob Mountain, along US HWY 64",35.585529,-81.83590704,365.970612,adult,ectoparasite,ectoparasite,,1
29842253,UNCG:Mamm:3048,Sigmodon hispidus,United States,North Carolina,"South Mountains Game Lands, 0.95 km W Bolin Knob Mountain, along US HWY 64",35.58568901,-81.83583604,373.181885,adult,ectoparasite,ectoparasite,,1
29817144,UNCG:Mamm:14,Sigmodon hispidus,United States,North Carolina,"South Mountains Game Lands, 0.95 km W Bolin Knob Mountain, along US HWY 64",35.58520798,-81.83572398,374.408722,adult,ectoparasite,ectoparasite,,1
29817009,UNCG:Mamm:13,Sigmodon hispidus,United States,North Carolina,"South Mountains Game Lands, 0.95 km W Bolin Knob Mountain, along US HWY 64",35.58531401,-81.83565097,374.22049,adult,ectoparasite,ectoparasite,,1
29842227,UNCG:Mamm:3023,Sigmodon hispidus,United States,North Carolina,"South Mountains Game Lands, 0.95 km W Bolin Knob Mountain, along US HWY 64",35.58530797,-81.83563798,374.295258,subadult,ectoparasite,ectoparasite,,1
29817025,UNCG:Mamm:93,Sigmodon hispidus,United States,North Carolina,"South Mountains Game Lands, 0.95 km W Bolin Knob Mountain, along US HWY 64",35.58581801,-81.83558802,359.330017,adult,ectoparasite,ectoparasite,,1
29842235,UNCG:Mamm:3031,Sigmodon hispidus,United States,North Carolina,"South Mountains Game Lands, 0.95 km W Bolin Knob Mountain, along US HWY 64",35.58535298,-81.83557,390.442413,adult,ectoparasite,ectoparasite,,1
29817001,UNCG:Mamm:10,Sigmodon hispidus,United States,North Carolina,"South Mountains Game Lands, 0.95 km W Bolin Knob Mountain, along US HWY 64",35.58541602,-81.83556103,371.701416,adult,ectoparasite,ectoparasite,,1
29842233,UNCG:Mamm:3030,Sigmodon hispidus,United States,North Carolina,"South Mountains Game Lands, 0.95 km W Bolin Knob Mountain, along US HWY 64",35.58548802,-81.83546296,390.101593,subadult,ectoparasite,ectoparasite,,1
29817140,UNCG:Mamm:11,Sigmodon hispidus,United States,North Carolina,"South Mountains Game Lands, 0.95 km W Bolin Knob Mountain, along US HWY 64",35.58559204,-81.835412,373.93277,adult,ectoparasite,ectoparasite,,1
,,,,,,,,,,,,,
29842313,UNCG:Mamm:3046,Sigmodon hispidus,United States,North Carolina,"South Mountains Game Lands, 0.95 km W Bolin Knob Mountain, along US HWY 64",35.58571097,-81.835095,377.632507,subadult,ectoparasite,,ectoparasite,1
29842249,UNCG:Mamm:3050,Sigmodon hispidus,United States,North Carolina,"South Mountains Game Lands, 0.95 km W Bolin Knob Mountain, along US HWY 64",35.58570201,-81.83507899,380.532562,subadult,ectoparasite,,ectoparasite,1
29817176,UNCG:Mamm:92,Sigmodon hispidus,United States,North Carolina,"South Mountains Game Lands, 0.95 km W Bolin Knob Mountain, along US HWY 64",35.58566404,-81.83506398,374.50415,adult,ectoparasite,ectoparasite,,1
29817160,UNCG:Mamm:18,Peromyscus leucopus,United States,North Carolina,"South Mountains Game Lands, 0.95 km W Bolin Knob Mountain, along US HWY 64",35.58568901,-81.83505996,364.915955,subadult,ectoparasite,ectoparasite,,1
29842251,UNCG:Mamm:3051,Sigmodon hispidus,United States,North Carolina,"South Mountains Game Lands, 0.95 km W Bolin Knob Mountain, along US HWY 64",35.585686,-81.835053,381.689972,adult,ectoparasite,,ectoparasite,1
29817013,UNCG:Mamm:19,Peromyscus leucopus,United States,North Carolina,"South Mountains Game Lands, 0.95 km W Bolin Knob Mountain, along US HWY 64",35.58554904,-81.83492401,362.97937,adult,ectoparasite,ectoparasite,,1
29842301,UNCG:Mamm:3047,Sigmodon hispidus,United States,North Carolina,"South Mountains Game Lands, 0.95 km W Bolin Knob Mountain, along US HWY 64",35.585082,-81.83478503,381.76178,juvenile,ectoparasite,ectoparasite,,1
29842247,UNCG:Mamm:3049,Sigmodon hispidus,United States,North Carolina,"South Mountains Game Lands, 0.95 km W Bolin Knob Mountain, along US HWY 64",35.58513396,-81.834765,380.624359,juvenile,ectoparasite,,ectoparasite,1
29817021,UNCG:Mamm:91,Napaeozapus insignis,United States,North Carolina,"South Mountains Game Lands, 0.63 km W of Huckleberry Mountain, along Old CC Road",35.54636498,-81.73968103,389.154602,adult,ectoparasite,ectoparasite,,1
29817152,UNCG:Mamm:16,Peromyscus leucopus,United States,North Carolina,"South Mountains Game Lands, 0.63 km W of Huckleberry Mountain, along Old CC Road",35.54640798,-81.73958003,390.188751,adult,ectoparasite,ectoparasite,,1
29817188,UNCG:Mamm:96,Peromyscus leucopus,United States,North Carolina,"South Mountains Game Lands, 0.63 km W of Huckleberry Mountain, along Old CC Road",35.54547901,-81.739244,387.698608,adult,ectoparasite,ectoparasite,,1
29817148,UNCG:Mamm:15,Peromyscus leucopus,United States,North Carolina,"South Mountains Game Lands, 0.63 km W of Huckleberry Mountain, along Old CC Road",35.54625199,-81.73893403,395.76767,adult,ectoparasite,ectoparasite,,1
29842275,UNCG:Mamm:3006,Peromyscus leucopus,United States,North Carolina,"South Mountains Game Lands, 2.4 km N of Huckleberry Mountain, along Old CC Road",35.55274604,-81.738814,399.400543,subadult,ectoparasite,,ectoparasite,1
29817156,UNCG:Mamm:17,Peromyscus leucopus,United States,North Carolina,"South Mountains Game Lands, 0.63 km W of Huckleberry Mountain, along Old CC Road",35.54621997,-81.73870596,397.526917,adult,ectoparasite,,ectoparasite,1
29812026,UNCG:Mamm:7,Blarina brevicauda,United States,North Carolina,"South Mountains Game Lands, 2.4 km N of Huckleberry Mountain, along Old CC Road",35.55286699,-81.73864997,399.427765,adult,ectoparasite,ectoparasite,,1
29842279,UNCG:Mamm:3010,Peromyscus leucopus,United States,North Carolina,"South Mountains Game Lands, 2.4 km N of Huckleberry Mountain, along Old CC Road",35.55282902,-81.73844503,496.471771,adult,ectoparasite,,ectoparasite,1
29817172,UNCG:Mamm:89,Peromyscus leucopus,United States,North Carolina,"South Mountains Game Lands, 2.4 km N of Huckleberry Mountain, along Old CC Road",35.55243004,-81.73843103,407.675049,adult,ectoparasite,ectoparasite,,1
29816961,UNCG:Mamm:88,Peromyscus leucopus,United States,North Carolina,"South Mountains Game Lands, 2.4 km N of Huckleberry Mountain, along Old CC Road",35.552553,-81.73842098,357.628937,adult,ectoparasite,ectoparasite,,1
29842211,UNCG:Mamm:3011,Peromyscus leucopus,United States,North Carolina,"South Mountains Game Lands, 2.4 km N of Huckleberry Mountain, along Old CC Road",35.55233801,-81.738281,484.297668,adult,ectoparasite,,ectoparasite,1
29842273,UNCG:Mamm:3005,Peromyscus leucopus,United States,North Carolina,"South Mountains Game Lands, 2.4 km N of Huckleberry Mountain, along Old CC Road",35.55332003,-81.73822903,400.935822,adult,ectoparasite,,ectoparasite,1
29817184,UNCG:Mamm:95,Peromyscus leucopus,United States,North Carolina,"South Mountains Game Lands, 2.4 km N of Huckleberry Mountain, along Old CC Road",35.55313898,-81.73813599,399.597137,adult,ectoparasite,ectoparasite,,1
29842287,UNCG:Mamm:3027,Peromyscus leucopus,United States,North Carolina,"South Mountains Game Lands, 2.4 km N of Huckleberry Mountain, along Old CC Road",35.55234396,-81.73800498,409.647766,adult,ectoparasite,ectoparasite,,1
29812049,UNCG:Mamm:4,Peromyscus leucopus,United States,North Carolina,"South Mountains Game Lands, 2.4 km N of Huckleberry Mountain, along Old CC Road",35.55336496,-81.73794396,354.451019,adult,ectoparasite,ectoparasite,,1
29842223,UNCG:Mamm:3026,Peromyscus leucopus,United States,North Carolina,"South Mountains Game Lands, 2.4 km N of Huckleberry Mountain, along Old CC Road",35.55245603,-81.73785897,411.942871,adult,ectoparasite,ectoparasite,,1
29842221,UNCG:Mamm:3024,Peromyscus leucopus,United States,North Carolina,"South Mountains Game Lands, 2.4 km N of Huckleberry Mountain, along Old CC Road",35.552523,-81.737763,413.274445,adult,ectoparasite,,ectoparasite,1
29812061,UNCG:Mamm:3,Peromyscus leucopus,United States,North Carolina,"South Mountains Game Lands, 2.4 km N of Huckleberry Mountain, along Old CC Road",35.55351399,-81.73761497,355.631927,adult,ectoparasite,ectoparasite,,1
29812057,UNCG:Mamm:2,Peromyscus leucopus,United States,North Carolina,"South Mountains Game Lands, 2.4 km N of Huckleberry Mountain, along Old CC Road",35.55373996,-81.73755999,346.489105,adult,ectoparasite,ectoparasite,,1
29812053,UNCG:Mamm:1,Peromyscus leucopus,United States,North Carolina,"South Mountains Game Lands, 2.4 km N of Huckleberry Mountain, along Old CC Road",35.55419904,-81.73744599,328.493042,adult,ectoparasite,ectoparasite,,1
29842277,UNCG:Mamm:3007,Peromyscus leucopus,United States,North Carolina,"South Mountains Game Lands, 2.4 km N of Huckleberry Mountain, along Old CC Road",35.55440297,-81.737433,531.639832,adult,ectoparasite,,ectoparasite,1
29842203,UNCG:Mamm:3009,Peromyscus leucopus,United States,North Carolina,"South Mountains Game Lands, 2.4 km N of Huckleberry Mountain, along Old CC Road",35.554019,-81.73733401,520.878235,adult,ectoparasite,ectoparasite,,1
29842315,UNCG:Mamm:3008,Peromyscus leucopus,United States,North Carolina,"South Mountains Game Lands, 2.4 km N of Huckleberry Mountain, along Old CC Road",35.55434003,-81.73728003,528.319519,subadult,ectoparasite,ectoparasite,,1
29843337,UNCG:Mamm:3063,Peromyscus leucopus,United States,North Carolina,"South Mountains Game Lands, 2.4 km N of Huckleberry Mountain, along Old CC Road",35.55502,-81.73702,,adult,ectoparasite,ectoparasite,,1
29842229,UNCG:Mamm:3028,Peromyscus leucopus,United States,North Carolina,"South Mountains Game Lands, 2.4 km N of Huckleberry Mountain, along Old CC Road",35.55519196,-81.73696403,405.4086,adult,ectoparasite,ectoparasite,,1
29817168,UNCG:Mamm:90,Peromyscus leucopus,United States,North Carolina,"South Mountains Game Lands, 2.4 km N of Huckleberry Mountain, along Old CC Road",35.55569203,-81.73628904,401.629517,adult,ectoparasite,ectoparasite,,1
29842319,UNCG:Mamm:3025,Peromyscus leucopus,United States,North Carolina,"South Mountains Game Lands, 2.4 km N of Huckleberry Mountain, along Old CC Road",35.55599302,-81.73616197,414.50354,adult,ectoparasite,ectoparasite,,1
29816993,UNCG:Mamm:8,Ochrotomys nuttalli,United States,North Carolina,"South Mountains Game Lands, 2.4 km N of Huckleberry Mountain, along Old CC Road",35.55594801,-81.73610003,434.936157,adult,ectoparasite,ectoparasite,,1
29842271,UNCG:Mamm:3004,Peromyscus leucopus,United States,North Carolina,"South Mountains Game Lands, 2.4 km N of Huckleberry Mountain, along Old CC Road",35.55592496,-81.73603096,434.723816,adult,ectoparasite,ectoparasite,,1
29817136,UNCG:Mamm:6,Blarina brevicauda,United States,North Carolina,"South Mountains Game Lands, 2.4 km N of Huckleberry Mountain, along Old CC Road",35.55585497,-81.73582401,434.232758,adult,ectoparasite,ectoparasite,,1
29817164,UNCG:Mamm:86,Peromyscus leucopus,United States,North Carolina,"South Mountains Game Lands, 2.4 km N of Huckleberry Mountain, along Old CC Road",35.56461096,-81.73466303,325.517761,adult,ectoparasite,ectoparasite,,1
29817017,UNCG:Mamm:85,Peromyscus leucopus,United States,North Carolina,"South Mountains Game Lands, 2.4 km N of Huckleberry Mountain, along Old CC Road",35.56428197,-81.73458701,468.04364,adult,ectoparasite,ectoparasite,,1
29842215,UNCG:Mamm:3018,Peromyscus leucopus,United States,North Carolina,"South Mountains Game Lands, 2.4 km N of Huckleberry Mountain, along Old CC Road",35.56409203,-81.734326,516.02948,adult,ectoparasite,ectoparasite,,1
29816989,UNCG:Mamm:5,Peromyscus leucopus,United States,North Carolina,"South Mountains Game Lands, 2.4 km N of Huckleberry Mountain, along Old CC Road",35.56395197,-81.73410899,515.689758,adult,ectoparasite,ectoparasite,,1
29842283,UNCG:Mamm:3017,Peromyscus leucopus,United States,North Carolina,"South Mountains Game Lands, 2.4 km N of Huckleberry Mountain, along Old CC Road",35.56330699,-81.73310601,525.383484,adult,ectoparasite,ectoparasite,,1
29842219,UNCG:Mamm:3016,Peromyscus leucopus,United States,North Carolina,"South Mountains Game Lands, 2.4 km N of Huckleberry Mountain, along Old CC Road",35.56332702,-81.73308296,496.468445,subadult,ectoparasite,ectoparasite,,1
29842207,UNCG:Mamm:3015,Peromyscus leucopus,United States,North Carolina,"South Mountains Game Lands, 2.4 km N of Huckleberry Mountain, along Old CC Road",35.56328402,-81.73300803,496.227325,subadult,ectoparasite,ectoparasite,,1
29843358,UNCG:Mamm:87,Peromyscus leucopus,United States,North Carolina,"South Mountains Game Lands, 2.4 km N of Huckleberry Mountain, along Old CC Road",35.56321,-81.73273,,adult,ectoparasite,ectoparasite,,1
29842281,UNCG:Mamm:3012,Peromyscus leucopus,United States,North Carolina,"South Mountains Game Lands, 2.4 km N of Huckleberry Mountain, along Old CC Road",35.56274699,-81.73248801,509.585022,adult,ectoparasite,,ectoparasite,1
29842217,UNCG:Mamm:3019,Peromyscus leucopus,United States,North Carolina,"South Mountains Game Lands, 2.4 km N of Huckleberry Mountain, along Old CC Road",35.56227802,-81.73171604,486.266296,adult,ectoparasite,ectoparasite,,1
29842231,UNCG:Mamm:3029,Peromyscus leucopus,United States,North Carolina,"South Mountains Game Lands, 2.4 km N of Huckleberry Mountain, along Old CC Road",35.56221399,-81.73169701,476.045715,adult,ectoparasite,,ectoparasite,1
29842145,UNCG:Mamm:3001,Peromyscus leucopus,United States,North Carolina,"South Mountains Game Lands, 2.4 km N of Huckleberry Mountain, along Old CC Road",35.56233603,-81.73169299,454.590302,adult,ectoparasite,,ectoparasite,1
29842147,UNCG:Mamm:3002,Peromyscus leucopus,United States,North Carolina,"South Mountains Game Lands, 2.4 km N of Huckleberry Mountain, along Old CC Road",35.56210896,-81.73165401,455.356781,adult,ectoparasite,,ectoparasite,1
29842209,UNCG:Mamm:3013,Peromyscus leucopus,United States,North Carolina,"South Mountains Game Lands, 2.4 km N of Huckleberry Mountain, along Old CC Road",35.56182004,-81.73118899,494.36377,adult,ectoparasite,ectoparasite,,1
29842213,UNCG:Mamm:3020,Peromyscus leucopus,United States,North Carolina,"South Mountains Game Lands, 2.4 km N of Huckleberry Mountain, along Old CC Road",35.561986,-81.731149,484.059692,subadult,ectoparasite,ectoparasite,,1
29842225,UNCG:Mamm:3021,Peromyscus leucopus,United States,North Carolina,"South Mountains Game Lands, 2.4 km N of Huckleberry Mountain, along Old CC Road",35.56190503,-81.73045197,480.484283,subadult,ectoparasite,ectoparasite,,1
29842269,UNCG:Mamm:3003,Peromyscus leucopus,United States,North Carolina,"South Mountains Game Lands, 2.4 km N of Huckleberry Mountain, along Old CC Road",35.56178902,-81.73036102,447.217896,adult,ectoparasite,endoparasite,,1
29842285,UNCG:Mamm:3022,Peromyscus leucopus,United States,North Carolina,"South Mountains Game Lands, 2.4 km N of Huckleberry Mountain, along Old CC Road",35.56184803,-81.730285,480.350555,adult,ectoparasite,ectoparasite,,1
29842205,UNCG:Mamm:3014,Peromyscus leucopus,United States,North Carolina,"South Mountains Game Lands, 2.4 km N of Huckleberry Mountain, along Old CC Road",35.56167796,-81.73014896,485.301361,adult,ectoparasite,ectoparasite,,1
30597494,UNCG:Mamm:460,Peromyscus leucopus,United States,North Carolina,"3832 Green Point Drive, Greensboro NC 27407",36.03998,-79.8566,,adult,endoparasite,,ectoparasite; endoparasite,1
,,,,,,,,,,,,,
29869366,UNCG:Mamm:251,Rattus norvegicus,United States,North Carolina,"2505 Overbrook Drive, Greensboro NC 27408",36.10019,-79.82617,,subadult,ectoparasite; endoparasite,,ectoparasite; endoparasite,1
,,,,,,,,,,,,,
31358947,UNCG:Mamm:510,Rattus norvegicus,United States,North Carolina,"2505 Overbrook Drive, Greensboro NC 27408",36.10019,-79.82616,,adult,endoparasite,,ectoparasite,1
29869358,UNCG:Mamm:189,Blarina brevicauda,United States,North Carolina,"1013 Twyckenham Drive, Greensboro NC 27408",36.08488,-79.8105,,adult,endoparasite,,ectoparasite; endoparasite,1
32610653,UNCG:Mamm:790,Peromyscus leucopus,United States,North Carolina,"1013 Twyckenham Drive, Greensboro NC 27408",36.08488,-79.8105,,adult,,,ectoparasite; endoparasite,1
,,,,,,,,,,,,,
30034280,UNCG:Mamm:431,Blarina carolinensis,United States,North Carolina,"1013 Twyckenham Drive, Greensboro NC 27403",36.08492,-79.81038,,adult,,,ectoparasite,1
29858677,UNCG:Mamm:167,Peromyscus leucopus,United States,North Carolina,"1013 Twyckenham Drive, Greensboro NC, 24408",36.08484,-79.81038,,adult,endoparasite,,ectoparasite; endoparasite,1
31495330,UNCG:Mamm:616,Sciurus carolinensis,United States,North Carolina,"3302 Round Hill Road, Greensboro NC 27408",36.11693,-79.80851,,adult,ectoparasite,ectoparasite,,1
31451741,UNCG:Mamm:611,Peromyscus leucopus,United States,North Carolina,"3302 Round Hill Road, Greensboro NC, 27408",36.11693,-79.80851,,adult,,,ectoparasite,1
,,,,,,,,,,,,,
,,,,,,,,,,,,,
,,,,,,,,,,,,,
,,,,,,,,,,,,,
30010724,UNCG:Mamm:3075,Sciurus carolinensis,United States,North Carolina,"Nantahala National Forest, 0.48 km SW of Rocky Knob, along NC Highway 215",36.06902802,-79.80652196,1303.219849,adult,,,ectoparasite,1
31496027,UNCG:Mamm:623,Peromyscus leucopus,United States,North Carolina,"4.8 km S Browns Summit, Gateway Research Park North Campus",36.16844804,-79.72238601,215.489761,adult,ectoparasite,,ectoparasite,1
31496017,UNCG:Mamm:619,Peromyscus leucopus,United States,North Carolina,"4.8 km S Browns Summit, Gateway Research Park North Campus",36.16854401,-79.72225299,215.562119,adult,ectoparasite,ectoparasite,,1
31358897,UNCG:Mamm:512,Blarina carolinensis,United States,North Carolina,"4.8 km S Browns Summit, Gateway Research Park North Campus",36.171685,-79.7218391,,adult,endoparasite,,ectoparasite,1
31496022,UNCG:Mamm:622,Peromyscus leucopus,United States,North Carolina,"4.8 km S Browns Summit, Gateway Research Park North Campus",36.17166703,-79.72175402,211.909454,juvenile,ectoparasite,ectoparasite,,1
,,,,,,,,,,,,,
31496097,UNCG:Mamm:637,Peromyscus leucopus,United States,North Carolina,"4.8 km S Browns Summit, Gateway Research Park North Campus",36.17137902,-79.721736,233.330887,adult,ectoparasite,,ectoparasite,1
31496012,UNCG:Mamm:621,Peromyscus leucopus,United States,North Carolina,"4.8 km S Browns Summit, Gateway Research Park North Campus",36.17174699,-79.721723,212.000854,adult,ectoparasite,ectoparasite,,1
31496007,UNCG:Mamm:620,Peromyscus leucopus,United States,North Carolina,"4.8 km S Browns Summit, Gateway Research Park North Campus",36.17169804,-79.72167296,213.538879,subadult,ectoparasite,,ectoparasite,1
31496102,UNCG:Mamm:638,Peromyscus leucopus,United States,North Carolina,"4.8 km S Browns Summit, Gateway Research Park North Campus",36.17180499,-79.72165997,393.563782,adult,ectoparasite,ectoparasite,,1
31496107,UNCG:Mamm:639,Peromyscus leucopus,United States,North Carolina,"4.8 km S Browns Summit, Gateway Research Park North Campus",36.17197397,-79.72117701,426.626282,adult,ectoparasite,ectoparasite,,1
31496079,UNCG:Mamm:624,Peromyscus leucopus,United States,North Carolina,"4.8 km S Browns Summit, Gateway Research Park North Campus",36.17184799,-79.72106896,208.16217,subadult,ectoparasite,,ectoparasite,1
31496084,UNCG:Mamm:625,Peromyscus leucopus,United States,North Carolina,"4.8 km S Browns Summit, Gateway Research Park North Campus",36.17177499,-79.72099998,207.812531,subadult,ectoparasite,,ectoparasite,1
31496089,UNCG:Mamm:626,Peromyscus leucopus,United States,North Carolina,"4.8 km S Browns Summit, Gateway Research Park North Campus",36.17177599,-79.72099302,207.92897,adult,ectoparasite,,ectoparasite,1
31496003,UNCG:Mamm:618,Microtus pinetorum,United States,North Carolina,"4.8 km S Browns Summit, Gateway Research Park North Campus",36.17155404,-79.72068499,182.591492,adult,ectoparasite,ectoparasite,,1
29872568,UNCG:Mamm:324,Blarina carolinensis,United States,North Carolina,"4.8 km S Browns Summit, Gateway Research Park North Campus",36.17154599,-79.720544,212.802567,adult,ectoparasite; endoparasite,,ectoparasite; endoparasite,1
31496066,UNCG:Mamm:631,Peromyscus leucopus,United States,North Carolina,"4.8 km S Browns Summit, Gateway Research Park North Campus",36.17157198,-79.72022801,212.516602,adult,ectoparasite,,ectoparasite,1
31496032,UNCG:Mamm:627,Peromyscus leucopus,United States,North Carolina,"4.8 km S Browns Summit, Gateway Research Park North Campus",36.17156703,-79.72020999,205.407608,adult,ectoparasite,ectoparasite,,1
31496075,UNCG:Mamm:617,Blarina carolinensis,United States,North Carolina,"4.8 km S Browns Summit, Gateway Research Park North Campus",36.17139202,-79.72014704,176.335159,adult,ectoparasite,,ectoparasite,1
31496037,UNCG:Mamm:628,Peromyscus leucopus,United States,North Carolina,"4.8 km S Browns Summit, Gateway Research Park North Campus",36.17141699,-79.72004101,204.078217,adult,ectoparasite,,ectoparasite,1
31496041,UNCG:Mamm:630,Peromyscus leucopus,United States,North Carolina,"4.8 km S Browns Summit, Gateway Research Park North Campus",36.17130702,-79.71996498,203.79985,adult,ectoparasite,,ectoparasite,1
31496054,UNCG:Mamm:634,Peromyscus leucopus,United States,North Carolina,"4.8 km S Browns Summit, Gateway Research Park North Campus",36.17128297,-79.71990698,203.531128,adult,ectoparasite,,ectoparasite,1
31496051,UNCG:Mamm:632,Peromyscus leucopus,United States,North Carolina,"4.8 km S Browns Summit, Gateway Research Park North Campus",36.17131197,-79.71985904,203.503708,adult,ectoparasite,,ectoparasite,1
29872548,UNCG:Mamm:174,Peromyscus leucopus,United States,North Carolina,"4.8 km S Browns Summit, Gateway Research Park North Campus",36.17073,-79.71977,,adult,endoparasite,ectoparasite,endoparasite,1
,,,,,,,,,,,,,
,,,,,,,,,,,,,
,,,,,,,,,,,,,
,,,,,,,,,,,,,
,,,,,,,,,,,,,
31496062,UNCG:Mamm:635,Blarina carolinensis,United States,North Carolina,"4.8 km S Browns Summit, Gateway Research Park North Campus",36.17143602,-79.719767,317.884033,adult,ectoparasite,ectoparasite,,1
31496094,UNCG:Mamm:633,Peromyscus leucopus,United States,North Carolina,"4.8 km S Browns Summit, Gateway Research Park North Campus",36.17120401,-79.71965896,202.849533,adult,ectoparasite,,ectoparasite,1
31496046,UNCG:Mamm:629,Peromyscus leucopus,United States,North Carolina,"4.8 km S Browns Summit, Gateway Research Park North Campus",36.17112396,-79.71964899,202.79248,subadult,ectoparasite,,ectoparasite,1
31496057,UNCG:Mamm:640,Blarina carolinensis,United States,North Carolina,"4.8 km S Browns Summit, Gateway Research Park North Campus",36.17117199,-79.71958403,265.316376,adult,ectoparasite,ectoparasite,,1
29933409,UNCG:Mamm:393,Peromyscus leucopus,United States,North Carolina,"4.8 km S Browns Summit, Gateway Research Park North Campus",36.17134198,-79.71924598,,adult,endoparasite,,ectoparasite; endoparasite,1
29933417,UNCG:Mamm:394,Peromyscus leucopus,United States,North Carolina,"4.8 km S Browns Summit, Gateway Research Park North Campus",36.17150199,-79.71894801,,adult,endoparasite,,ectoparasite; endoparasite,1
33203850,UNCG:Mamm:1499,Sciurus carolinensis,United States,North Carolina,"near B. Everett Jordan Lake, off Beaver Creek Road",35.68824,-78.99502,142.9,adult,,,ectoparasite; endoparasite,1
29842418,UNCG:Mamm:164,Peromyscus maniculatus,United States,North Carolina,"Pisgah National Forest, 0.64 km N of Bruce Knob, along NC Highway 215",,,1181.880371,adult,endoparasite,,ectoparasite; endoparasite,1
29872449,UNCG:Mamm:348,Peromyscus maniculatus,United States,North Carolina,"Pisgah National Forest, 0.8 km NE Rocky Knob, along NC Highway 215",,,,adult,ectoparasite; endoparasite,ectoparasite,endoparasite,1
30406532,UNCG:Mamm:450,Sorex cinereus,United States,North Carolina,"Pisgah National Forest, 5 km ESE Mount Mitchell, forest edge near junction of South Toe River Road and Forest Service Road 2074",,,955,adult,ectoparasite; endoparasite,,ectoparasite; endoparasite,1
30488486,UNCG:Mamm:3079,Sorex fumeus,United States,North Carolina,"Pisgah National Forest, 6 km ESE Mount Mitchell, along Forest Service Road 2074 at Neals Creek",,,,adult,,,ectoparasite,1